<soapenv:Envelope xmlns:soapenv="http://schemas.xmlsoap.org/soap/envelope/" xmlns:quer="queryEa">
   <soapenv:Header/>
   <soapenv:Body>
      <quer:searchEA>
         <!--Optional:-->
         <ISIN_Code>?</ISIN_Code>
         <!--Optional:-->
         <Other_Reg_Nr>?</Other_Reg_Nr>
         <!--Zero or more repetitions:-->
         <Asset_Type>?</Asset_Type>
         <!--Zero or more repetitions:-->
         <Ref_Market>?</Ref_Market>
         <!--Zero or more repetitions:-->
         <Denomination>?</Denomination>
         <!--Optional:-->
         <Issuance_Date_From>?</Issuance_Date_From>
         <!--Optional:-->
         <Issuance_Date_To>?</Issuance_Date_To>
         <!--Optional:-->
         <Maturity_Date_From>?</Maturity_Date_From>
         <!--Optional:-->
         <Maturity_Date_To>?</Maturity_Date_To>
         <!--Zero or more repetitions:-->
         <Issuer_CSD>?</Issuer_CSD>
         <!--Optional:-->
         <Issuer_Name>?</Issuer_Name>
         <!--Zero or more repetitions:-->
         <Issuer_Residence>?</Issuer_Residence>
         <!--Zero or more repetitions:-->
         <Issuer_Group>?</Issuer_Group>
         <!--Optional:-->
         <Guarantor_Name>?</Guarantor_Name>
         <!--Zero or more repetitions:-->
         <Guarantor_Residence>?</Guarantor_Residence>
         <!--Zero or more repetitions:-->
         <Guarantor_Group>?</Guarantor_Group>
         <!--Zero or more repetitions:-->
         <Coupon_Def>?</Coupon_Def>
         <!--Optional:-->
         <Sort_by_first>?</Sort_by_first>
         <!--Optional:-->
         <Sort_by_second>?</Sort_by_second>
         <outputFileType>?</outputFileType>
         <outputFileCompression>?</outputFileCompression>
      </quer:searchEA>
   </soapenv:Body>
</soapenv:Envelope>