<soapenv:Envelope xmlns:soapenv="http://schemas.xmlsoap.org/soap/envelope/" xmlns:quer="queryMfiMrr">
   <soapenv:Header/>
   <soapenv:Body>
      <quer:searchMFIMRR>
         <!--Optional:-->
         <RIAD_Code>?</RIAD_Code>
         <!--Optional:-->
         <Name>?</Name>
         <!--Zero or more repetitions:-->
         <Country_of_Registration>?</Country_of_Registration>
         <!--Optional:-->
         <BIC>?</BIC>
         <!--Optional:-->
         <Postal>?</Postal>
         <!--Optional:-->
         <City>?</City>
         <!--Zero or more repetitions:-->
         <Category>?</Category>
         <!--Zero or more repetitions:-->
         <Head_Country_of_Registration>?</Head_Country_of_Registration>
         <!--Optional:-->
         <Head_RIAD_Code>?</Head_RIAD_Code>
         <!--Optional:-->
         <Reserve>?</Reserve>
         <!--Optional:-->
         <Exempt>?</Exempt>
         <!--Optional:-->
         <Sort_by_first>?</Sort_by_first>
         <!--Optional:-->
         <Sort_by_second>?</Sort_by_second>
         <outputFileType>?</outputFileType>
         <outputFileCompression>?</outputFileCompression>
      </quer:searchMFIMRR>
   </soapenv:Body>
</soapenv:Envelope>