<SOAP-ENV:Envelope xmlns:SOAP-ENV="http://schemas.xmlsoap.org/soap/envelope/" xmlns:SOAP-ENC="http://schemas.xmlsoap.org/soap/encoding/" xmlns:xsd="http://www.w3.org/2001/XMLSchema" xmlns:xsi="http://www.w3.org/2001/XMLSchema-instance">
   <SOAP-ENV:Header/>
   <SOAP-ENV:Body>
      <ser-root:searchReleasesResponse xmlns:ser-root="searchReleases">
         <results>
            <releaseType>MaintenanceRelease</releaseType>
            <releaseTitle>MID Maintenance Release</releaseTitle>
            <releaseDate>15/01/2020 13:00:00</releaseDate>
			<releaseDate>15/01/2020 13:00:00</releaseDate>
            <language>EN</language>
            <tags>Maintenance</tags>
            <linkToPublication>http://mid.ecb.europa.eu/rel/eaf76c30363f11e3a5f581afc6a1596a.xml</linkToPublication>
         </results>
         <results>
            <releaseType>MaintenanceRelease</releaseType>
            <releaseTitle>MID Maintenance Release</releaseTitle>
            <releaseDate>14/12/2019 18:30:00</releaseDate>
            <releaseDate>14/12/2019 18:30:00</releaseDate>
            <language>EN</language>
            <tags>Maintenance</tags>
            <linkToPublication>http://mid.ecb.europa.eu/rel/eede6b36363f11e3a4b3b998542752eb.xml</linkToPublication>
         </results>
         <resultsCount>2</resultsCount>
         <errorOutput xsi:nil="true"/>
      </ser-root:searchReleasesResponse>
   </SOAP-ENV:Body>
</SOAP-ENV:Envelope>