<soapenv:Envelope xmlns:soapenv="http://schemas.xmlsoap.org/soap/envelope/" xmlns:sear="searchReleases">
   <soapenv:Header/>
   <soapenv:Body>
      <sear:searchReleases>
         <!-- Optional -->
         <releaseType>MaintenanceRelease</releaseType>
         <!-- Optional -->
         <releaseTitle>MID Maintenance Release</releaseTitle>
         <!-- Optional -->
         <startReleaseDate>?</startReleaseDate>
         <!-- Optional -->
         <endReleaseDate>?</endReleaseDate>
         <!-- Optional -->
         <startPublicationDate>?</startPublicationDate>
         <!-- Optional -->
         <endPublicationDate>?</endPublicationDate>
         <!-- Optional -->
         <language>?</language>
         <!-- Optional: zero or more repetitions -->
         <tags>?</tags>
         <!-- Optional: zero, one or two repetitions -->
         <sortBy>?</sortBy>
         <!-- Optional -->
         <sortFlag>?</sortFlag>
      </sear:searchReleases>
   </soapenv:Body>
</soapenv:Envelope>