<?xml version="1.0" encoding="utf-8"?>
<rss version="2.0">
  <channel>
    <title>ECB - European Central Bank</title>
    <link>http://www.ecb.europa.eu</link>
    <description>Latest releases on the ECB Market Information Dissemination channel</description>
    <language>en</language>
    <copyright>Copyright 2013, European Central Bank</copyright>
    <webMaster></webMaster>
    <lastBuildDate></lastBuildDate>
    <pubDate>2020/01/14 15:45:00</pubDate>
    <category domain="">Publications</category>
    <generator>Automatic</generator>
    <docs>http://blogs.law.harvard.edu/tech/rss/</docs>
    <item>
      <title>MID Maintenance Release</title>
      <link>http://a-mid.ecb.europa.eu/rel/a290aef536db11ea91fda5b659e0dd5d.xml</link>
      <pubDate>Tue, 14 Jan 2020 15:45:00 +0100</pubDate>
    </item>
  </channel>
</rss>