<?xml version="1.0"?>
<escb:externalMessage xmlns:escb="http://escb.ecb.int/MarketInformationDissemination">
<escb:header>
<escb:releaseType>MonetaryFinancialInstitutionsList</escb:releaseType>
<escb:releaseTitle>List of monetary financial institutions (MFIs)</escb:releaseTitle>
<escb:releaseDateTime>2018-08-01T22:22:35</escb:releaseDateTime>
<escb:publicationDateTime>2018-08-01T22:22:35</escb:publicationDateTime>
<escb:attachment>
<escb:fileName>mfi_csv_180801.csv.gz</escb:fileName>
<escb:linkFile>
http://a-mid.ecb.europa.eu/rel/a17335d495c811e8bab21b5e75cac21e/mfi_csv_180801.csv.gz
</escb:linkFile>
<escb:linkSignature>
MIIIBgYJKoZIhvcNAQcCoIIH9zCCB/MCAQExDjAMBggqhkiG9w0CBQUAMC8GCSqGSIb3DQEHAaAi BCA3OGY5ZDUzNzllZWYxNzUwOTNiNTFmMzZiMDk4MWQ1N6CCBVEwggVNMIIENaADAgECAhEApMCf iOhIqcIAAAAAUNlxJTANBgkqhkiG9w0BAQsFADCBujELMAkGA1UEBhMCVVMxFjAUBgNVBAoTDUVu dHJ1c3QsIEluYy4xKDAmBgNVBAsTH1NlZSB3d3cuZW50cnVzdC5uZXQvbGVnYWwtdGVybXMxOTA3 BgNVBAsTMChjKSAyMDEyIEVudHJ1c3QsIEluYy4gLSBmb3IgYXV0aG9yaXplZCB1c2Ugb25seTEu MCwGA1UEAxMlRW50cnVzdCBDZXJ0aWZpY2F0aW9uIEF1dGhvcml0eSAtIEwxSzAeFw0xNjA5MDEx MzI5MzdaFw0xOTA5MDExMzU5MzZaMHExCzAJBgNVBAYTAkRFMRowGAYDVQQHExFGcmFua2Z1cnQg YW0gTWFpbjEeMBwGA1UEChMVRXVyb3BlYW4gQ2VudHJhbCBCYW5rMSYwJAYDVQQDEx1hLXNpZ25h dHVyZS5taWQuZWNiLmV1cm9wYS5ldTCCASIwDQYJKoZIhvcNAQEBBQADggEPADCCAQoCggEBAMXl hBMrkpem7yGtEqq3NZMPBsY9stsFuWFvWLZwfzbs4bnmgoWi+acDirdPyEP+I7ZdMN0gVGqmg9Ft 6TD/N889DT50siPHYlwi/uT2OjS9XPHSMank+3z2zEqO7ZmL4GGqkQ5AKZhSVVZSTdKrIO0quEIA bjiQoIkl74X4Sa3hs6SWbTwOYceVmYznpf1JpdZ9iKPXXBoABDQY9fTdSnxoDMtiKWQN38HChsCS fftl379SsELFIQK8fgwM2ACfDvSfuvtKi1qOL7pVHYuf9QeCRkQbmPz6Gc58z4pX1EQ7LBbRWYSx SgMK7xTsYdrIQnfkDk4ZtlUyG66ktej6PLUCAwEAAaOCAZQwggGQMA4GA1UdDwEB/wQEAwIFoDAd BgNVHSUEFjAUBggrBgEFBQcDAQYIKwYBBQUHAwIwMwYDVR0fBCwwKjAooCagJIYiaHR0cDovL2Ny bC5lbnRydXN0Lm5ldC9sZXZlbDFrLmNybDBLBgNVHSAERDBCMDYGCmCGSAGG+mwKAQUwKDAmBggr BgEFBQcCARYaaHR0cDovL3d3dy5lbnRydXN0Lm5ldC9ycGEwCAYGZ4EMAQICMGgGCCsGAQUFBwEB BFwwWjAjBggrBgEFBQcwAYYXaHR0cDovL29jc3AuZW50cnVzdC5uZXQwMwYIKwYBBQUHMAKGJ2h0 dHA6Ly9haWEuZW50cnVzdC5uZXQvbDFrLWNoYWluMjU2LmNlcjAoBgNVHREEITAfgh1hLXNpZ25h dHVyZS5taWQuZWNiLmV1cm9wYS5ldTAfBgNVHSMEGDAWgBSConB03bxTP8971PfNf6dgxgpMvzAd BgNVHQ4EFgQUjEnnOYG7cPFmJECkpdKWYq0DxG0wCQYDVR0TBAIwADANBgkqhkiG9w0BAQsFAAOC AQEAel0HX+PJNjsBHIk+IUCYpMhjq2NVKiU9I5tYq3LYlPcBsa8BG+48iwvAxh8tv/Xxje2EbcCt YRHXPVv059FDSS5XV00QShlHK8g0KD/FdwqOKxLZAB00puGyLOAG+Ht1lCGNLlpauSxwpfr7rzfr TWByhSbGuR3CCvw4JNTefEuSItewkWEuWooEAd4PUFsIaYCzHxQRRlLCyhXYFnQIl40+9/2Bz2Vx NWowkGrc+e2/LZ3U8WEr3ixQ9radV/0nAXSo5cEMBrOlCKuosghJP2te6VhlxQCMOBZ0hbAlvg7W 5gaV9kQ530fYt3HHcRet+6lt+cLgbHJJ9ctg3iUkuDGCAlYwggJSAgEBMIHQMIG6MQswCQYDVQQG EwJVUzEWMBQGA1UEChMNRW50cnVzdCwgSW5jLjEoMCYGA1UECxMfU2VlIHd3dy5lbnRydXN0Lm5l dC9sZWdhbC10ZXJtczE5MDcGA1UECxMwKGMpIDIwMTIgRW50cnVzdCwgSW5jLiAtIGZvciBhdXRo b3JpemVkIHVzZSBvbmx5MS4wLAYDVQQDEyVFbnRydXN0IENlcnRpZmljYXRpb24gQXV0aG9yaXR5 IC0gTDFLAhEApMCfiOhIqcIAAAAAUNlxJTAMBggqhkiG9w0CBQUAoFkwGAYJKoZIhvcNAQkDMQsG CSqGSIb3DQEHATAcBgkqhkiG9w0BCQUxDxcNMTgwODAxMjAyMjQyWjAfBgkqhkiG9w0BCQQxEgQQ k1hj71Z293sgAvSigvjO7TANBgkqhkiG9w0BAQEFAASCAQCJMbs1gh3OknggLwuM4djX4NSq/YYv Z9NzJZ8YXwtIgzqExCGCzJQCMOhsxMuKH8grAAjppywloSDbv+MUfO+z1s/5JM0R+1BOOAjevi1Y oD1CTnhNZIWVGUvGajvVp4XSjli0R7AfksVFxmJtkmzZ3CO8yoRRnbb8QmgTcFGrqdK+xTw4uQ3C kpJzoasJj+QF/Nq2mcIJXlNeuJEDxCyGidst59ujXMqlB0aZNEyQPidvVLCF5L8GaTv/9R4dNcc7 UrbERV//GyQuDHM+4UkeGw1j0I8t55Fshb3jJn9/CyEKBt/IyBZLOV+2pc34mFBJ3WTF3T4eBnY6 oCyTeyBH
</escb:linkSignature>
</escb:attachment>
<escb:attachment>
<escb:fileName>mfi_xml_180801.xml.gz</escb:fileName>
<escb:linkFile>
http://a-mid.ecb.europa.eu/rel/a17335d495c811e8bab21b5e75cac21e/mfi_xml_180801.xml.gz
</escb:linkFile>
<escb:linkSignature>
MIIIBgYJKoZIhvcNAQcCoIIH9zCCB/MCAQExDjAMBggqhkiG9w0CBQUAMC8GCSqGSIb3DQEHAaAi BCA0ZjA5NTUwYWM0Njk5ZWY2NTMzNGQzODY3ZGZlODFiM6CCBVEwggVNMIIENaADAgECAhEApMCf iOhIqcIAAAAAUNlxJTANBgkqhkiG9w0BAQsFADCBujELMAkGA1UEBhMCVVMxFjAUBgNVBAoTDUVu dHJ1c3QsIEluYy4xKDAmBgNVBAsTH1NlZSB3d3cuZW50cnVzdC5uZXQvbGVnYWwtdGVybXMxOTA3 BgNVBAsTMChjKSAyMDEyIEVudHJ1c3QsIEluYy4gLSBmb3IgYXV0aG9yaXplZCB1c2Ugb25seTEu MCwGA1UEAxMlRW50cnVzdCBDZXJ0aWZpY2F0aW9uIEF1dGhvcml0eSAtIEwxSzAeFw0xNjA5MDEx MzI5MzdaFw0xOTA5MDExMzU5MzZaMHExCzAJBgNVBAYTAkRFMRowGAYDVQQHExFGcmFua2Z1cnQg YW0gTWFpbjEeMBwGA1UEChMVRXVyb3BlYW4gQ2VudHJhbCBCYW5rMSYwJAYDVQQDEx1hLXNpZ25h dHVyZS5taWQuZWNiLmV1cm9wYS5ldTCCASIwDQYJKoZIhvcNAQEBBQADggEPADCCAQoCggEBAMXl hBMrkpem7yGtEqq3NZMPBsY9stsFuWFvWLZwfzbs4bnmgoWi+acDirdPyEP+I7ZdMN0gVGqmg9Ft 6TD/N889DT50siPHYlwi/uT2OjS9XPHSMank+3z2zEqO7ZmL4GGqkQ5AKZhSVVZSTdKrIO0quEIA bjiQoIkl74X4Sa3hs6SWbTwOYceVmYznpf1JpdZ9iKPXXBoABDQY9fTdSnxoDMtiKWQN38HChsCS fftl379SsELFIQK8fgwM2ACfDvSfuvtKi1qOL7pVHYuf9QeCRkQbmPz6Gc58z4pX1EQ7LBbRWYSx SgMK7xTsYdrIQnfkDk4ZtlUyG66ktej6PLUCAwEAAaOCAZQwggGQMA4GA1UdDwEB/wQEAwIFoDAd BgNVHSUEFjAUBggrBgEFBQcDAQYIKwYBBQUHAwIwMwYDVR0fBCwwKjAooCagJIYiaHR0cDovL2Ny bC5lbnRydXN0Lm5ldC9sZXZlbDFrLmNybDBLBgNVHSAERDBCMDYGCmCGSAGG+mwKAQUwKDAmBggr BgEFBQcCARYaaHR0cDovL3d3dy5lbnRydXN0Lm5ldC9ycGEwCAYGZ4EMAQICMGgGCCsGAQUFBwEB BFwwWjAjBggrBgEFBQcwAYYXaHR0cDovL29jc3AuZW50cnVzdC5uZXQwMwYIKwYBBQUHMAKGJ2h0 dHA6Ly9haWEuZW50cnVzdC5uZXQvbDFrLWNoYWluMjU2LmNlcjAoBgNVHREEITAfgh1hLXNpZ25h dHVyZS5taWQuZWNiLmV1cm9wYS5ldTAfBgNVHSMEGDAWgBSConB03bxTP8971PfNf6dgxgpMvzAd BgNVHQ4EFgQUjEnnOYG7cPFmJECkpdKWYq0DxG0wCQYDVR0TBAIwADANBgkqhkiG9w0BAQsFAAOC AQEAel0HX+PJNjsBHIk+IUCYpMhjq2NVKiU9I5tYq3LYlPcBsa8BG+48iwvAxh8tv/Xxje2EbcCt YRHXPVv059FDSS5XV00QShlHK8g0KD/FdwqOKxLZAB00puGyLOAG+Ht1lCGNLlpauSxwpfr7rzfr TWByhSbGuR3CCvw4JNTefEuSItewkWEuWooEAd4PUFsIaYCzHxQRRlLCyhXYFnQIl40+9/2Bz2Vx NWowkGrc+e2/LZ3U8WEr3ixQ9radV/0nAXSo5cEMBrOlCKuosghJP2te6VhlxQCMOBZ0hbAlvg7W 5gaV9kQ530fYt3HHcRet+6lt+cLgbHJJ9ctg3iUkuDGCAlYwggJSAgEBMIHQMIG6MQswCQYDVQQG EwJVUzEWMBQGA1UEChMNRW50cnVzdCwgSW5jLjEoMCYGA1UECxMfU2VlIHd3dy5lbnRydXN0Lm5l dC9sZWdhbC10ZXJtczE5MDcGA1UECxMwKGMpIDIwMTIgRW50cnVzdCwgSW5jLiAtIGZvciBhdXRo b3JpemVkIHVzZSBvbmx5MS4wLAYDVQQDEyVFbnRydXN0IENlcnRpZmljYXRpb24gQXV0aG9yaXR5 IC0gTDFLAhEApMCfiOhIqcIAAAAAUNlxJTAMBggqhkiG9w0CBQUAoFkwGAYJKoZIhvcNAQkDMQsG CSqGSIb3DQEHATAcBgkqhkiG9w0BCQUxDxcNMTgwODAxMjAyMjQyWjAfBgkqhkiG9w0BCQQxEgQQ tRndPVJKEPNvJU/mtLAiGjANBgkqhkiG9w0BAQEFAASCAQCqO+/3OV2PnnAGdfAOuCAK5+gMf27/ Noxm2I6vQ2s+okGVyRDPP9dKSqSeCzfbbq/WPIO1PlfVY93Vtu7jzAin2KI5gjgfJB0lnpVcRVFn zuOtaQhRayPYSguSF8tdab40z3DOLtWosvE8kztwcOCXeU8F3kN0499NMSY3Fo4oFGd2uIpw6OEo 7vgD7/pUxxihIBlL2xnGc47gNW4TFnB0wXHFJpQPkHEr8Q8ue32s5dwrZCEFnNZQ0qEqQzgWunV2 phj8KEcxvsq0FAlw5xuXS8qxo0RFi2FSRxuwWph7H87RF0NqWu7y3ZR7emsZyJu5WZvQLocw0Q6e vlBQrZ+1
</escb:linkSignature>
</escb:attachment>
<escb:attachment>
<escb:fileName>mfi_csv_update_180801.csv.gz</escb:fileName>
<escb:linkFile>
http://a-mid.ecb.europa.eu/rel/a17335d495c811e8bab21b5e75cac21e/mfi_csv_update_180801.csv.gz
</escb:linkFile>
<escb:linkSignature>
MIIIBgYJKoZIhvcNAQcCoIIH9zCCB/MCAQExDjAMBggqhkiG9w0CBQUAMC8GCSqGSIb3DQEHAaAi BCA5NTY1NDRmOWJiNDU1YzkxZjZmOWI5MjY5ZTA1ZDU1YaCCBVEwggVNMIIENaADAgECAhEApMCf iOhIqcIAAAAAUNlxJTANBgkqhkiG9w0BAQsFADCBujELMAkGA1UEBhMCVVMxFjAUBgNVBAoTDUVu dHJ1c3QsIEluYy4xKDAmBgNVBAsTH1NlZSB3d3cuZW50cnVzdC5uZXQvbGVnYWwtdGVybXMxOTA3 BgNVBAsTMChjKSAyMDEyIEVudHJ1c3QsIEluYy4gLSBmb3IgYXV0aG9yaXplZCB1c2Ugb25seTEu MCwGA1UEAxMlRW50cnVzdCBDZXJ0aWZpY2F0aW9uIEF1dGhvcml0eSAtIEwxSzAeFw0xNjA5MDEx MzI5MzdaFw0xOTA5MDExMzU5MzZaMHExCzAJBgNVBAYTAkRFMRowGAYDVQQHExFGcmFua2Z1cnQg YW0gTWFpbjEeMBwGA1UEChMVRXVyb3BlYW4gQ2VudHJhbCBCYW5rMSYwJAYDVQQDEx1hLXNpZ25h dHVyZS5taWQuZWNiLmV1cm9wYS5ldTCCASIwDQYJKoZIhvcNAQEBBQADggEPADCCAQoCggEBAMXl hBMrkpem7yGtEqq3NZMPBsY9stsFuWFvWLZwfzbs4bnmgoWi+acDirdPyEP+I7ZdMN0gVGqmg9Ft 6TD/N889DT50siPHYlwi/uT2OjS9XPHSMank+3z2zEqO7ZmL4GGqkQ5AKZhSVVZSTdKrIO0quEIA bjiQoIkl74X4Sa3hs6SWbTwOYceVmYznpf1JpdZ9iKPXXBoABDQY9fTdSnxoDMtiKWQN38HChsCS fftl379SsELFIQK8fgwM2ACfDvSfuvtKi1qOL7pVHYuf9QeCRkQbmPz6Gc58z4pX1EQ7LBbRWYSx SgMK7xTsYdrIQnfkDk4ZtlUyG66ktej6PLUCAwEAAaOCAZQwggGQMA4GA1UdDwEB/wQEAwIFoDAd BgNVHSUEFjAUBggrBgEFBQcDAQYIKwYBBQUHAwIwMwYDVR0fBCwwKjAooCagJIYiaHR0cDovL2Ny bC5lbnRydXN0Lm5ldC9sZXZlbDFrLmNybDBLBgNVHSAERDBCMDYGCmCGSAGG+mwKAQUwKDAmBggr BgEFBQcCARYaaHR0cDovL3d3dy5lbnRydXN0Lm5ldC9ycGEwCAYGZ4EMAQICMGgGCCsGAQUFBwEB BFwwWjAjBggrBgEFBQcwAYYXaHR0cDovL29jc3AuZW50cnVzdC5uZXQwMwYIKwYBBQUHMAKGJ2h0 dHA6Ly9haWEuZW50cnVzdC5uZXQvbDFrLWNoYWluMjU2LmNlcjAoBgNVHREEITAfgh1hLXNpZ25h dHVyZS5taWQuZWNiLmV1cm9wYS5ldTAfBgNVHSMEGDAWgBSConB03bxTP8971PfNf6dgxgpMvzAd BgNVHQ4EFgQUjEnnOYG7cPFmJECkpdKWYq0DxG0wCQYDVR0TBAIwADANBgkqhkiG9w0BAQsFAAOC AQEAel0HX+PJNjsBHIk+IUCYpMhjq2NVKiU9I5tYq3LYlPcBsa8BG+48iwvAxh8tv/Xxje2EbcCt YRHXPVv059FDSS5XV00QShlHK8g0KD/FdwqOKxLZAB00puGyLOAG+Ht1lCGNLlpauSxwpfr7rzfr TWByhSbGuR3CCvw4JNTefEuSItewkWEuWooEAd4PUFsIaYCzHxQRRlLCyhXYFnQIl40+9/2Bz2Vx NWowkGrc+e2/LZ3U8WEr3ixQ9radV/0nAXSo5cEMBrOlCKuosghJP2te6VhlxQCMOBZ0hbAlvg7W 5gaV9kQ530fYt3HHcRet+6lt+cLgbHJJ9ctg3iUkuDGCAlYwggJSAgEBMIHQMIG6MQswCQYDVQQG EwJVUzEWMBQGA1UEChMNRW50cnVzdCwgSW5jLjEoMCYGA1UECxMfU2VlIHd3dy5lbnRydXN0Lm5l dC9sZWdhbC10ZXJtczE5MDcGA1UECxMwKGMpIDIwMTIgRW50cnVzdCwgSW5jLiAtIGZvciBhdXRo b3JpemVkIHVzZSBvbmx5MS4wLAYDVQQDEyVFbnRydXN0IENlcnRpZmljYXRpb24gQXV0aG9yaXR5 IC0gTDFLAhEApMCfiOhIqcIAAAAAUNlxJTAMBggqhkiG9w0CBQUAoFkwGAYJKoZIhvcNAQkDMQsG CSqGSIb3DQEHATAcBgkqhkiG9w0BCQUxDxcNMTgwODAxMjAyMjQyWjAfBgkqhkiG9w0BCQQxEgQQ f0ELSnBXxa7NGJ1XlWNhAjANBgkqhkiG9w0BAQEFAASCAQB684jGnx3oS1F91NsY/H3ZZqZSaBCb YMffabIwpdV4vmNLvsvL2uTNsaGD8bZ3dVr/uKgoY63RONdzqgxz+Lb6EKkrLB/cdT4NYdHJ9zWX /yK5prD0uyH0HhbE5F/kDOrKnwQopsf/L4TecPvDC0MKsa0KOIWnuDDYz7nJlUiZ6Flbq4S2jM+B bk0UtVNqnZNRcCiPg2lC0DlUCiG3g14zfvS9o/1Ux38nYTtfuMQiYiUG1k2r5KFl7BfDwJPPTtxr 24MwqTOYo2Tq0q2zvPaLLn8Bxg9lNDwyNP4kNzm6h5sAmsljHflL7o6rGv6KczU0LKTTDhOJMSSH hBNrFpxn
</escb:linkSignature>
</escb:attachment>
<escb:attachment>
<escb:fileName>mfi_xml_update_180801.xml.gz</escb:fileName>
<escb:linkFile>
http://a-mid.ecb.europa.eu/rel/a17335d495c811e8bab21b5e75cac21e/mfi_xml_update_180801.xml.gz
</escb:linkFile>
<escb:linkSignature>
MIIIBgYJKoZIhvcNAQcCoIIH9zCCB/MCAQExDjAMBggqhkiG9w0CBQUAMC8GCSqGSIb3DQEHAaAi BCA5YmFiYjFhYWJmOGM1ZTVjMTBhYWIxZjI1ZThiMzhlMKCCBVEwggVNMIIENaADAgECAhEApMCf iOhIqcIAAAAAUNlxJTANBgkqhkiG9w0BAQsFADCBujELMAkGA1UEBhMCVVMxFjAUBgNVBAoTDUVu dHJ1c3QsIEluYy4xKDAmBgNVBAsTH1NlZSB3d3cuZW50cnVzdC5uZXQvbGVnYWwtdGVybXMxOTA3 BgNVBAsTMChjKSAyMDEyIEVudHJ1c3QsIEluYy4gLSBmb3IgYXV0aG9yaXplZCB1c2Ugb25seTEu MCwGA1UEAxMlRW50cnVzdCBDZXJ0aWZpY2F0aW9uIEF1dGhvcml0eSAtIEwxSzAeFw0xNjA5MDEx MzI5MzdaFw0xOTA5MDExMzU5MzZaMHExCzAJBgNVBAYTAkRFMRowGAYDVQQHExFGcmFua2Z1cnQg YW0gTWFpbjEeMBwGA1UEChMVRXVyb3BlYW4gQ2VudHJhbCBCYW5rMSYwJAYDVQQDEx1hLXNpZ25h dHVyZS5taWQuZWNiLmV1cm9wYS5ldTCCASIwDQYJKoZIhvcNAQEBBQADggEPADCCAQoCggEBAMXl hBMrkpem7yGtEqq3NZMPBsY9stsFuWFvWLZwfzbs4bnmgoWi+acDirdPyEP+I7ZdMN0gVGqmg9Ft 6TD/N889DT50siPHYlwi/uT2OjS9XPHSMank+3z2zEqO7ZmL4GGqkQ5AKZhSVVZSTdKrIO0quEIA bjiQoIkl74X4Sa3hs6SWbTwOYceVmYznpf1JpdZ9iKPXXBoABDQY9fTdSnxoDMtiKWQN38HChsCS fftl379SsELFIQK8fgwM2ACfDvSfuvtKi1qOL7pVHYuf9QeCRkQbmPz6Gc58z4pX1EQ7LBbRWYSx SgMK7xTsYdrIQnfkDk4ZtlUyG66ktej6PLUCAwEAAaOCAZQwggGQMA4GA1UdDwEB/wQEAwIFoDAd BgNVHSUEFjAUBggrBgEFBQcDAQYIKwYBBQUHAwIwMwYDVR0fBCwwKjAooCagJIYiaHR0cDovL2Ny bC5lbnRydXN0Lm5ldC9sZXZlbDFrLmNybDBLBgNVHSAERDBCMDYGCmCGSAGG+mwKAQUwKDAmBggr BgEFBQcCARYaaHR0cDovL3d3dy5lbnRydXN0Lm5ldC9ycGEwCAYGZ4EMAQICMGgGCCsGAQUFBwEB BFwwWjAjBggrBgEFBQcwAYYXaHR0cDovL29jc3AuZW50cnVzdC5uZXQwMwYIKwYBBQUHMAKGJ2h0 dHA6Ly9haWEuZW50cnVzdC5uZXQvbDFrLWNoYWluMjU2LmNlcjAoBgNVHREEITAfgh1hLXNpZ25h dHVyZS5taWQuZWNiLmV1cm9wYS5ldTAfBgNVHSMEGDAWgBSConB03bxTP8971PfNf6dgxgpMvzAd BgNVHQ4EFgQUjEnnOYG7cPFmJECkpdKWYq0DxG0wCQYDVR0TBAIwADANBgkqhkiG9w0BAQsFAAOC AQEAel0HX+PJNjsBHIk+IUCYpMhjq2NVKiU9I5tYq3LYlPcBsa8BG+48iwvAxh8tv/Xxje2EbcCt YRHXPVv059FDSS5XV00QShlHK8g0KD/FdwqOKxLZAB00puGyLOAG+Ht1lCGNLlpauSxwpfr7rzfr TWByhSbGuR3CCvw4JNTefEuSItewkWEuWooEAd4PUFsIaYCzHxQRRlLCyhXYFnQIl40+9/2Bz2Vx NWowkGrc+e2/LZ3U8WEr3ixQ9radV/0nAXSo5cEMBrOlCKuosghJP2te6VhlxQCMOBZ0hbAlvg7W 5gaV9kQ530fYt3HHcRet+6lt+cLgbHJJ9ctg3iUkuDGCAlYwggJSAgEBMIHQMIG6MQswCQYDVQQG EwJVUzEWMBQGA1UEChMNRW50cnVzdCwgSW5jLjEoMCYGA1UECxMfU2VlIHd3dy5lbnRydXN0Lm5l dC9sZWdhbC10ZXJtczE5MDcGA1UECxMwKGMpIDIwMTIgRW50cnVzdCwgSW5jLiAtIGZvciBhdXRo b3JpemVkIHVzZSBvbmx5MS4wLAYDVQQDEyVFbnRydXN0IENlcnRpZmljYXRpb24gQXV0aG9yaXR5 IC0gTDFLAhEApMCfiOhIqcIAAAAAUNlxJTAMBggqhkiG9w0CBQUAoFkwGAYJKoZIhvcNAQkDMQsG CSqGSIb3DQEHATAcBgkqhkiG9w0BCQUxDxcNMTgwODAxMjAyMjQyWjAfBgkqhkiG9w0BCQQxEgQQ 5VYI95mg2AhQqL0/qY/q3jANBgkqhkiG9w0BAQEFAASCAQCHyPLa5/8hwbegx9cvSs/w3UYSz2ed a4wuoVtgMBsBFeFV8gsFhY+vSEtls4UDpHrWGWmXfgPhK4W60aAFar87yOiunAGdYvvokppiEz7W lqZ6IURipfzM2EqtFslzaWsHfjFvwt2Qb6qmIHGWco71vl0B0TmfDVxpAuVzlQ+OL1i9vvg17Shp QznlwsRSbqY5LpFvQCN5MOhI5brdNnpJ6tFodYXJ2SWWotEatqLdAnhNtMjcSQPay5MCYxj0GjKp foqq/DvX6sb2fRDlgOFgnhjPzBbxXT7ONi2SI8rmlnWwvC96095qLSp88OglMH4rhYZv6/nKBaJH Z9W2nyS+
</escb:linkSignature>
</escb:attachment>
<escb:thematicTags>MFI</escb:thematicTags>
<escb:language>EN</escb:language>
</escb:header>
<escb:body>
<escb:content>
<![CDATA[This RSS feed contains attachments of monetary financial institutions (MFIs) information in compressed XML and compressed character-delimited file format for both: -	full MFIs dataset, and - update dataset (i.e. changes from the previous day).]]>
</escb:content>
</escb:body>
<escb:footer>
<escb:digest>
MIIIBgYJKoZIhvcNAQcCoIIH9zCCB/MCAQExDjAMBggqhkiG9w0CBQUAMC8GCSqGSIb3DQEHAaAi BCA2OWI3MjNjZGU1NWJhNGE3MmZlYWQyMzIxODYzMzIzY6CCBVEwggVNMIIENaADAgECAhEApMCf iOhIqcIAAAAAUNlxJTANBgkqhkiG9w0BAQsFADCBujELMAkGA1UEBhMCVVMxFjAUBgNVBAoTDUVu dHJ1c3QsIEluYy4xKDAmBgNVBAsTH1NlZSB3d3cuZW50cnVzdC5uZXQvbGVnYWwtdGVybXMxOTA3 BgNVBAsTMChjKSAyMDEyIEVudHJ1c3QsIEluYy4gLSBmb3IgYXV0aG9yaXplZCB1c2Ugb25seTEu MCwGA1UEAxMlRW50cnVzdCBDZXJ0aWZpY2F0aW9uIEF1dGhvcml0eSAtIEwxSzAeFw0xNjA5MDEx MzI5MzdaFw0xOTA5MDExMzU5MzZaMHExCzAJBgNVBAYTAkRFMRowGAYDVQQHExFGcmFua2Z1cnQg YW0gTWFpbjEeMBwGA1UEChMVRXVyb3BlYW4gQ2VudHJhbCBCYW5rMSYwJAYDVQQDEx1hLXNpZ25h dHVyZS5taWQuZWNiLmV1cm9wYS5ldTCCASIwDQYJKoZIhvcNAQEBBQADggEPADCCAQoCggEBAMXl hBMrkpem7yGtEqq3NZMPBsY9stsFuWFvWLZwfzbs4bnmgoWi+acDirdPyEP+I7ZdMN0gVGqmg9Ft 6TD/N889DT50siPHYlwi/uT2OjS9XPHSMank+3z2zEqO7ZmL4GGqkQ5AKZhSVVZSTdKrIO0quEIA bjiQoIkl74X4Sa3hs6SWbTwOYceVmYznpf1JpdZ9iKPXXBoABDQY9fTdSnxoDMtiKWQN38HChsCS fftl379SsELFIQK8fgwM2ACfDvSfuvtKi1qOL7pVHYuf9QeCRkQbmPz6Gc58z4pX1EQ7LBbRWYSx SgMK7xTsYdrIQnfkDk4ZtlUyG66ktej6PLUCAwEAAaOCAZQwggGQMA4GA1UdDwEB/wQEAwIFoDAd BgNVHSUEFjAUBggrBgEFBQcDAQYIKwYBBQUHAwIwMwYDVR0fBCwwKjAooCagJIYiaHR0cDovL2Ny bC5lbnRydXN0Lm5ldC9sZXZlbDFrLmNybDBLBgNVHSAERDBCMDYGCmCGSAGG+mwKAQUwKDAmBggr BgEFBQcCARYaaHR0cDovL3d3dy5lbnRydXN0Lm5ldC9ycGEwCAYGZ4EMAQICMGgGCCsGAQUFBwEB BFwwWjAjBggrBgEFBQcwAYYXaHR0cDovL29jc3AuZW50cnVzdC5uZXQwMwYIKwYBBQUHMAKGJ2h0 dHA6Ly9haWEuZW50cnVzdC5uZXQvbDFrLWNoYWluMjU2LmNlcjAoBgNVHREEITAfgh1hLXNpZ25h dHVyZS5taWQuZWNiLmV1cm9wYS5ldTAfBgNVHSMEGDAWgBSConB03bxTP8971PfNf6dgxgpMvzAd BgNVHQ4EFgQUjEnnOYG7cPFmJECkpdKWYq0DxG0wCQYDVR0TBAIwADANBgkqhkiG9w0BAQsFAAOC AQEAel0HX+PJNjsBHIk+IUCYpMhjq2NVKiU9I5tYq3LYlPcBsa8BG+48iwvAxh8tv/Xxje2EbcCt YRHXPVv059FDSS5XV00QShlHK8g0KD/FdwqOKxLZAB00puGyLOAG+Ht1lCGNLlpauSxwpfr7rzfr TWByhSbGuR3CCvw4JNTefEuSItewkWEuWooEAd4PUFsIaYCzHxQRRlLCyhXYFnQIl40+9/2Bz2Vx NWowkGrc+e2/LZ3U8WEr3ixQ9radV/0nAXSo5cEMBrOlCKuosghJP2te6VhlxQCMOBZ0hbAlvg7W 5gaV9kQ530fYt3HHcRet+6lt+cLgbHJJ9ctg3iUkuDGCAlYwggJSAgEBMIHQMIG6MQswCQYDVQQG EwJVUzEWMBQGA1UEChMNRW50cnVzdCwgSW5jLjEoMCYGA1UECxMfU2VlIHd3dy5lbnRydXN0Lm5l dC9sZWdhbC10ZXJtczE5MDcGA1UECxMwKGMpIDIwMTIgRW50cnVzdCwgSW5jLiAtIGZvciBhdXRo b3JpemVkIHVzZSBvbmx5MS4wLAYDVQQDEyVFbnRydXN0IENlcnRpZmljYXRpb24gQXV0aG9yaXR5 IC0gTDFLAhEApMCfiOhIqcIAAAAAUNlxJTAMBggqhkiG9w0CBQUAoFkwGAYJKoZIhvcNAQkDMQsG CSqGSIb3DQEHATAcBgkqhkiG9w0BCQUxDxcNMTgwODAxMjAyMjQyWjAfBgkqhkiG9w0BCQQxEgQQ IDrNBt97VihddLoH3nu7GzANBgkqhkiG9w0BAQEFAASCAQBt8hK4MvG9ct9maPsAudNJAH4VskDs z+7xfm+ALcYYVaFMZK1f/WwmQYIbA2z0LLrX3UbT4svXK6pE7+SicvO35/cC0FI5KF/QQVKC+GrC n0ZjBnzIbnvgnxS/12L4B+5Fc0M+OXbJWt+fZKz6/yWb5s3rROIPx5KjA4bWCvg93a+y98kLVDZ7 ty8V8vgJ0VYb0VQg4884fbVnCEQ2vRsOCBBB5s4Veu+sVV19BnTJ27LUJb8Xx9adPnE9SM19g1oB p8UKL9ADNNkOKGSxPSrYgZiODRN9uCb0niBXqkzIVZelKoxqv8hz16UE+HTTf52anWKHXR+yp3wb qo71zOcK
</escb:digest>
</escb:footer>
</escb:externalMessage>