<?xml version="1.0"?>
<escb:externalMessage xmlns:escb="http://escb.ecb.int/MarketInformationDissemination">
	<escb:header>
		<escb:releaseType>LiquidityManagementData</escb:releaseType>
		<escb:releaseTitle>Liquidity Management Publication</escb:releaseTitle>
		<escb:releaseDateTime>2018-11-23T09:54:21</escb:releaseDateTime>
		<escb:publicationDateTime>2018-11-23T09:54:21</escb:publicationDateTime>
		<escb:thematicTags>LiquidityConditionsEuroArea</escb:thematicTags>
		<escb:language>English</escb:language>
	</escb:header>
	<escb:body>
		<escb:content>
			<ns:midMessage xmlns:ns="http://escb.ecb.int/mid">
				<ns:header>
					<ns:fileCreationTimeStamp>2018-11-23T09:53:58.665</ns:fileCreationTimeStamp>
					<ns:revisionNumber>1</ns:revisionNumber>
					<ns:businessDate>2018-03-14</ns:businessDate>
					<ns:startDateMp>2018-01-31</ns:startDateMp>
					<ns:endDateMp>2018-03-13</ns:endDateMp>
				</ns:header>
				<ns:liqConditions>
					<ns:referenceDate>2018-03-13</ns:referenceDate>
					<ns:avgReserveRequirements>
						<ns:amount>123862</ns:amount>
						<ns:revised>false</ns:revised>
					</ns:avgReserveRequirements>
					<ns:avgCurAccHoldings>1315625</ns:avgCurAccHoldings>
					<ns:dailyUseOfMargLendingFacility>5</ns:dailyUseOfMargLendingFacility>
					<ns:dailyUseOfDepositFacility>698369</ns:dailyUseOfDepositFacility>
					<ns:openMarketOperationsExclMonPolPortfolios>761415</ns:openMarketOperationsExclMonPolPortfolios>
				</ns:liqConditions>
			</ns:midMessage>
		</escb:content>
	</escb:body>
	<escb:footer>
		<escb:digest>MIIIBgYJKoZIhvcNAQcCoIIH9zCCB/MCAQExDjAMBggqhkiG9w0CBQUAMC8GCSqGSIb3DQEHAaAi BCA2MjViY2FkN2Y1YWVhM2M5ZWFiYTQwYzk1NjFhMjk0NKCCBVEwggVNMIIENaADAgECAhEApMCf iOhIqcIAAAAAUNlxJTANBgkqhkiG9w0BAQsFADCBujELMAkGA1UEBhMCVVMxFjAUBgNVBAoTDUVu dHJ1c3QsIEluYy4xKDAmBgNVBAsTH1NlZSB3d3cuZW50cnVzdC5uZXQvbGVnYWwtdGVybXMxOTA3 BgNVBAsTMChjKSAyMDEyIEVudHJ1c3QsIEluYy4gLSBmb3IgYXV0aG9yaXplZCB1c2Ugb25seTEu MCwGA1UEAxMlRW50cnVzdCBDZXJ0aWZpY2F0aW9uIEF1dGhvcml0eSAtIEwxSzAeFw0xNjA5MDEx MzI5MzdaFw0xOTA5MDExMzU5MzZaMHExCzAJBgNVBAYTAkRFMRowGAYDVQQHExFGcmFua2Z1cnQg YW0gTWFpbjEeMBwGA1UEChMVRXVyb3BlYW4gQ2VudHJhbCBCYW5rMSYwJAYDVQQDEx1hLXNpZ25h dHVyZS5taWQuZWNiLmV1cm9wYS5ldTCCASIwDQYJKoZIhvcNAQEBBQADggEPADCCAQoCggEBAMXl hBMrkpem7yGtEqq3NZMPBsY9stsFuWFvWLZwfzbs4bnmgoWi+acDirdPyEP+I7ZdMN0gVGqmg9Ft 6TD/N889DT50siPHYlwi/uT2OjS9XPHSMank+3z2zEqO7ZmL4GGqkQ5AKZhSVVZSTdKrIO0quEIA bjiQoIkl74X4Sa3hs6SWbTwOYceVmYznpf1JpdZ9iKPXXBoABDQY9fTdSnxoDMtiKWQN38HChsCS fftl379SsELFIQK8fgwM2ACfDvSfuvtKi1qOL7pVHYuf9QeCRkQbmPz6Gc58z4pX1EQ7LBbRWYSx SgMK7xTsYdrIQnfkDk4ZtlUyG66ktej6PLUCAwEAAaOCAZQwggGQMA4GA1UdDwEB/wQEAwIFoDAd BgNVHSUEFjAUBggrBgEFBQcDAQYIKwYBBQUHAwIwMwYDVR0fBCwwKjAooCagJIYiaHR0cDovL2Ny bC5lbnRydXN0Lm5ldC9sZXZlbDFrLmNybDBLBgNVHSAERDBCMDYGCmCGSAGG+mwKAQUwKDAmBggr BgEFBQcCARYaaHR0cDovL3d3dy5lbnRydXN0Lm5ldC9ycGEwCAYGZ4EMAQICMGgGCCsGAQUFBwEB BFwwWjAjBggrBgEFBQcwAYYXaHR0cDovL29jc3AuZW50cnVzdC5uZXQwMwYIKwYBBQUHMAKGJ2h0 dHA6Ly9haWEuZW50cnVzdC5uZXQvbDFrLWNoYWluMjU2LmNlcjAoBgNVHREEITAfgh1hLXNpZ25h dHVyZS5taWQuZWNiLmV1cm9wYS5ldTAfBgNVHSMEGDAWgBSConB03bxTP8971PfNf6dgxgpMvzAd BgNVHQ4EFgQUjEnnOYG7cPFmJECkpdKWYq0DxG0wCQYDVR0TBAIwADANBgkqhkiG9w0BAQsFAAOC AQEAel0HX+PJNjsBHIk+IUCYpMhjq2NVKiU9I5tYq3LYlPcBsa8BG+48iwvAxh8tv/Xxje2EbcCt YRHXPVv059FDSS5XV00QShlHK8g0KD/FdwqOKxLZAB00puGyLOAG+Ht1lCGNLlpauSxwpfr7rzfr TWByhSbGuR3CCvw4JNTefEuSItewkWEuWooEAd4PUFsIaYCzHxQRRlLCyhXYFnQIl40+9/2Bz2Vx NWowkGrc+e2/LZ3U8WEr3ixQ9radV/0nAXSo5cEMBrOlCKuosghJP2te6VhlxQCMOBZ0hbAlvg7W 5gaV9kQ530fYt3HHcRet+6lt+cLgbHJJ9ctg3iUkuDGCAlYwggJSAgEBMIHQMIG6MQswCQYDVQQG EwJVUzEWMBQGA1UEChMNRW50cnVzdCwgSW5jLjEoMCYGA1UECxMfU2VlIHd3dy5lbnRydXN0Lm5l dC9sZWdhbC10ZXJtczE5MDcGA1UECxMwKGMpIDIwMTIgRW50cnVzdCwgSW5jLiAtIGZvciBhdXRo b3JpemVkIHVzZSBvbmx5MS4wLAYDVQQDEyVFbnRydXN0IENlcnRpZmljYXRpb24gQXV0aG9yaXR5 IC0gTDFLAhEApMCfiOhIqcIAAAAAUNlxJTAMBggqhkiG9w0CBQUAoFkwGAYJKoZIhvcNAQkDMQsG CSqGSIb3DQEHATAcBgkqhkiG9w0BCQUxDxcNMTgxMTIzMDg1NDIzWjAfBgkqhkiG9w0BCQQxEgQQ +U1+9YSrt3siLcMDl+YTXTANBgkqhkiG9w0BAQEFAASCAQB4nQGP9s5B2wps4c52XANxTx5NuDTb YbdNniwY90T721SNsMOPvSbA7Kdto8k5FTRb2Z+fN237ca4EcErkTeu6Tt3+8pxJBID2jgqIwZr+ RYaUcz8WQ+lGBS+UCmMCCvvILVHgdjKuSKobFvOcXqR44AYD01Oi47VXJ+5yf0/EBpYJZ/D0+mcK 0YfMMHBSD84ImEPDPX5LdG517H0rUACAYoGm5M/FwQe5vTiOhKWFQg43V3v45WlOjHeafmizbcK0 3UTnyuGirkqR3eDq/dH73/2UkK/F1lcIXoJkRnXn9yNdn3f012/FWDSEMcszRim82kUI0ECRoT57 IFnonc7Z</escb:digest>
	</escb:footer>
</escb:externalMessage>
