<?xml version="1.0" encoding="UTF-8"?>
<dictionary>
  <countries>
    <country>
      <code>LT</code>
      <definition>LITHUANIA</definition>
      <muMember>Y</muMember>
      <euMember>Y</euMember>
    </country>
    <country>
      <code>LU</code>
      <definition>LUXEMBOURG</definition>
      <muMember>Y</muMember>
      <euMember>Y</euMember>
    </country>
    <country>
      <code>LV</code>
      <definition>LATVIA</definition>
      <muMember>Y</muMember>
      <euMember>Y</euMember>
    </country>
    <country>
      <code>LY</code>
      <definition>LIBYAN ARAB JAMAHIRIYA</definition>
      <muMember>N</muMember>
      <euMember>N</euMember>
    </country>
    <country>
      <code>MA</code>
      <definition>MOROCCO</definition>
      <muMember>N</muMember>
      <euMember>N</euMember>
    </country>
    <country>
      <code>MC</code>
      <definition>MONACO</definition>
      <muMember>N</muMember>
      <euMember>N</euMember>
    </country>
    <country>
      <code>MD</code>
      <definition>MOLDOVA, REPUBLIC OF</definition>
      <muMember>N</muMember>
      <euMember>N</euMember>
    </country>
    <country>
      <code>MG</code>
      <definition>MADAGASCAR</definition>
      <muMember>N</muMember>
      <euMember>N</euMember>
    </country>
    <country>
      <code>MH</code>
      <definition>MARSHALL ISLANDS</definition>
      <muMember>N</muMember>
      <euMember>N</euMember>
    </country>
    <country>
      <code>MK</code>
      <definition>THE FORMER YUGOSLAV REPUBLIC OF MACEDONIA</definition>
      <muMember>N</muMember>
      <euMember>N</euMember>
    </country>
    <country>
      <code>ML</code>
      <definition>MALI</definition>
      <muMember>N</muMember>
      <euMember>N</euMember>
    </country>
    <country>
      <code>MM</code>
      <definition>MYANMAR</definition>
      <muMember>N</muMember>
      <euMember>N</euMember>
    </country>
    <country>
      <code>MN</code>
      <definition>MONGOLIA</definition>
      <muMember>N</muMember>
      <euMember>N</euMember>
    </country>
    <country>
      <code>MO</code>
      <definition>MACAU</definition>
      <muMember>N</muMember>
      <euMember>N</euMember>
    </country>
    <country>
      <code>MP</code>
      <definition>NORTHERN MARIANA ISLANDS</definition>
      <muMember>N</muMember>
      <euMember>N</euMember>
    </country>
    <country>
      <code>MQ</code>
      <definition>MARTINIQUE</definition>
      <muMember>N</muMember>
      <euMember>N</euMember>
    </country>
    <country>
      <code>MR</code>
      <definition>MAURITANIA</definition>
      <muMember>N</muMember>
      <euMember>N</euMember>
    </country>
    <country>
      <code>MS</code>
      <definition>MONTSERRAT</definition>
      <muMember>N</muMember>
      <euMember>N</euMember>
    </country>
    <country>
      <code>MT</code>
      <definition>MALTA</definition>
      <muMember>Y</muMember>
      <euMember>Y</euMember>
    </country>
    <country>
      <code>MU</code>
      <definition>MAURITIUS</definition>
      <muMember>N</muMember>
      <euMember>N</euMember>
    </country>
    <country>
      <code>MV</code>
      <definition>MALDIVES</definition>
      <muMember>N</muMember>
      <euMember>N</euMember>
    </country>
    <country>
      <code>MW</code>
      <definition>MALAWI</definition>
      <muMember>N</muMember>
      <euMember>N</euMember>
    </country>
    <country>
      <code>MX</code>
      <definition>MEXICO</definition>
      <muMember>N</muMember>
      <euMember>N</euMember>
    </country>
    <country>
      <code>MY</code>
      <definition>MALAYSIA</definition>
      <muMember>N</muMember>
      <euMember>N</euMember>
    </country>
    <country>
      <code>MZ</code>
      <definition>MOZAMBIQUE</definition>
      <muMember>N</muMember>
      <euMember>N</euMember>
    </country>
    <country>
      <code>NA</code>
      <definition>NAMIBIA</definition>
      <muMember>N</muMember>
      <euMember>N</euMember>
    </country>
    <country>
      <code>NC</code>
      <definition>NEW CALEDONIA</definition>
      <muMember>N</muMember>
      <euMember>N</euMember>
    </country>
    <country>
      <code>NE</code>
      <definition>NIGER</definition>
      <muMember>N</muMember>
      <euMember>N</euMember>
    </country>
    <country>
      <code>NF</code>
      <definition>NORFOLK ISLAND</definition>
      <muMember>N</muMember>
      <euMember>N</euMember>
    </country>
    <country>
      <code>NG</code>
      <definition>NIGERIA</definition>
      <muMember>N</muMember>
      <euMember>N</euMember>
    </country>
    <country>
      <code>NI</code>
      <definition>NICARAGUA</definition>
      <muMember>N</muMember>
      <euMember>N</euMember>
    </country>
    <country>
      <code>NL</code>
      <definition>NETHERLANDS</definition>
      <muMember>Y</muMember>
      <euMember>Y</euMember>
    </country>
    <country>
      <code>NO</code>
      <definition>NORWAY</definition>
      <muMember>N</muMember>
      <euMember>X</euMember>
    </country>
    <country>
      <code>NP</code>
      <definition>NEPAL</definition>
      <muMember>N</muMember>
      <euMember>N</euMember>
    </country>
    <country>
      <code>NR</code>
      <definition>NAURU</definition>
      <muMember>N</muMember>
      <euMember>N</euMember>
    </country>
    <country>
      <code>NU</code>
      <definition>NIUE</definition>
      <muMember>N</muMember>
      <euMember>N</euMember>
    </country>
    <country>
      <code>NZ</code>
      <definition>NEW ZEALAND</definition>
      <muMember>N</muMember>
      <euMember>N</euMember>
    </country>
    <country>
      <code>OM</code>
      <definition>OMAN</definition>
      <muMember>N</muMember>
      <euMember>N</euMember>
    </country>
    <country>
      <code>PA</code>
      <definition>PANAMA</definition>
      <muMember>N</muMember>
      <euMember>N</euMember>
    </country>
    <country>
      <code>PE</code>
      <definition>PERU</definition>
      <muMember>N</muMember>
      <euMember>N</euMember>
    </country>
    <country>
      <code>PF</code>
      <definition>FRENCH POLYNESIA</definition>
      <muMember>N</muMember>
      <euMember>N</euMember>
    </country>
    <country>
      <code>PG</code>
      <definition>PAPUA NEW GUINEA</definition>
      <muMember>N</muMember>
      <euMember>N</euMember>
    </country>
    <country>
      <code>PH</code>
      <definition>PHILIPPINES</definition>
      <muMember>N</muMember>
      <euMember>N</euMember>
    </country>
    <country>
      <code>PK</code>
      <definition>PAKISTAN</definition>
      <muMember>N</muMember>
      <euMember>N</euMember>
    </country>
    <country>
      <code>PL</code>
      <definition>POLAND</definition>
      <muMember>N</muMember>
      <euMember>Y</euMember>
    </country>
    <country>
      <code>PM</code>
      <definition>SAINT PIERRE AND MIQUELON</definition>
      <muMember>N</muMember>
      <euMember>N</euMember>
    </country>
    <country>
      <code>PN</code>
      <definition>PITCAIRN</definition>
      <muMember>N</muMember>
      <euMember>N</euMember>
    </country>
    <country>
      <code>PR</code>
      <definition>PUERTO RICO</definition>
      <muMember>N</muMember>
      <euMember>N</euMember>
    </country>
    <country>
      <code>PT</code>
      <definition>PORTUGAL</definition>
      <muMember>Y</muMember>
      <euMember>Y</euMember>
    </country>
    <country>
      <code>PW</code>
      <definition>PALAU</definition>
      <muMember>N</muMember>
      <euMember>N</euMember>
    </country>
    <country>
      <code>PY</code>
      <definition>PARAGUAY</definition>
      <muMember>N</muMember>
      <euMember>N</euMember>
    </country>
    <country>
      <code>QA</code>
      <definition>QATAR</definition>
      <muMember>N</muMember>
      <euMember>N</euMember>
    </country>
    <country>
      <code>RE</code>
      <definition>REUNION</definition>
      <muMember>N</muMember>
      <euMember>N</euMember>
    </country>
    <country>
      <code>RO</code>
      <definition>ROMANIA</definition>
      <muMember>N</muMember>
      <euMember>Y</euMember>
    </country>
    <country>
      <code>RU</code>
      <definition>RUSSIAN FEDERATION</definition>
      <muMember>N</muMember>
      <euMember>N</euMember>
    </country>
    <country>
      <code>RW</code>
      <definition>RWANDA</definition>
      <muMember>N</muMember>
      <euMember>N</euMember>
    </country>
    <country>
      <code>SA</code>
      <definition>SAUDI ARABIA</definition>
      <muMember>N</muMember>
      <euMember>N</euMember>
    </country>
    <country>
      <code>SB</code>
      <definition>SOLOMON ISLANDS</definition>
      <muMember>N</muMember>
      <euMember>N</euMember>
    </country>
    <country>
      <code>SC</code>
      <definition>SEYCHELLES</definition>
      <muMember>N</muMember>
      <euMember>N</euMember>
    </country>
    <country>
      <code>SD</code>
      <definition>SUDAN</definition>
      <muMember>N</muMember>
      <euMember>N</euMember>
    </country>
    <country>
      <code>SE</code>
      <definition>SWEDEN</definition>
      <muMember>N</muMember>
      <euMember>Y</euMember>
    </country>
    <country>
      <code>SG</code>
      <definition>SINGAPORE</definition>
      <muMember>N</muMember>
      <euMember>N</euMember>
    </country>
    <country>
      <code>SH</code>
      <definition>SAINT HELENA</definition>
      <muMember>N</muMember>
      <euMember>N</euMember>
    </country>
    <country>
      <code>SI</code>
      <definition>SLOVENIA</definition>
      <muMember>Y</muMember>
      <euMember>Y</euMember>
    </country>
    <country>
      <code>SJ</code>
      <definition>SVALBARD AND JAN MAYEN </definition>
      <muMember>N</muMember>
      <euMember>N</euMember>
    </country>
    <country>
      <code>SK</code>
      <definition>SLOVAKIA</definition>
      <muMember>Y</muMember>
      <euMember>Y</euMember>
    </country>
    <country>
      <code>SL</code>
      <definition>SIERRA LEONE</definition>
      <muMember>N</muMember>
      <euMember>N</euMember>
    </country>
    <country>
      <code>SM</code>
      <definition>SAN MARINO</definition>
      <muMember>N</muMember>
      <euMember>N</euMember>
    </country>
    <country>
      <code>SN</code>
      <definition>SENEGAL</definition>
      <muMember>N</muMember>
      <euMember>N</euMember>
    </country>
    <country>
      <code>SO</code>
      <definition>SOMALIA</definition>
      <muMember>N</muMember>
      <euMember>N</euMember>
    </country>
    <country>
      <code>SR</code>
      <definition>SURINAME</definition>
      <muMember>N</muMember>
      <euMember>N</euMember>
    </country>
    <country>
      <code>ST</code>
      <definition>SAO TOME AND PRINCIPE</definition>
      <muMember>N</muMember>
      <euMember>N</euMember>
    </country>
    <country>
      <code>SV</code>
      <definition>EL SALVADOR</definition>
      <muMember>N</muMember>
      <euMember>N</euMember>
    </country>
    <country>
      <code>SY</code>
      <definition>SYRIAN ARAB REPUBLIC</definition>
      <muMember>N</muMember>
      <euMember>N</euMember>
    </country>
    <country>
      <code>SZ</code>
      <definition>SWAZILAND</definition>
      <muMember>N</muMember>
      <euMember>N</euMember>
    </country>
    <country>
      <code>TC</code>
      <definition>TURKS AND CAICOS ISLANDS</definition>
      <muMember>N</muMember>
      <euMember>N</euMember>
    </country>
    <country>
      <code>TD</code>
      <definition>CHAD</definition>
      <muMember>N</muMember>
      <euMember>N</euMember>
    </country>
    <country>
      <code>TF</code>
      <definition>FRENCH SOUTHERN TERRITORIES</definition>
      <muMember>N</muMember>
      <euMember>N</euMember>
    </country>
    <country>
      <code>TG</code>
      <definition>TOGO</definition>
      <muMember>N</muMember>
      <euMember>N</euMember>
    </country>
    <country>
      <code>TH</code>
      <definition>THAILAND</definition>
      <muMember>N</muMember>
      <euMember>N</euMember>
    </country>
    <country>
      <code>TJ</code>
      <definition>TAJIKISTAN</definition>
      <muMember>N</muMember>
      <euMember>N</euMember>
    </country>
    <country>
      <code>TK</code>
      <definition>TOKELAU</definition>
      <muMember>N</muMember>
      <euMember>N</euMember>
    </country>
    <country>
      <code>TM</code>
      <definition>TURKMENISTAN</definition>
      <muMember>N</muMember>
      <euMember>N</euMember>
    </country>
    <country>
      <code>TN</code>
      <definition>TUNISIA</definition>
      <muMember>N</muMember>
      <euMember>N</euMember>
    </country>
    <country>
      <code>TO</code>
      <definition>TONGA</definition>
      <muMember>N</muMember>
      <euMember>N</euMember>
    </country>
    <country>
      <code>TP</code>
      <definition>EAST TIMOR a) </definition>
      <muMember>N</muMember>
      <euMember>N</euMember>
    </country>
    <country>
      <code>TR</code>
      <definition>TURKEY</definition>
      <muMember>N</muMember>
      <euMember>N</euMember>
    </country>
    <country>
      <code>TT</code>
      <definition>TRINIDAD AND TOBAGO</definition>
      <muMember>N</muMember>
      <euMember>N</euMember>
    </country>
    <country>
      <code>TV</code>
      <definition>TUVALU</definition>
      <muMember>N</muMember>
      <euMember>N</euMember>
    </country>
    <country>
      <code>TW</code>
      <definition>TAIWAN, PROVINCE OF CHINA</definition>
      <muMember>N</muMember>
      <euMember>N</euMember>
    </country>
    <country>
      <code>TZ</code>
      <definition>TANZANIA, UNITED REPUBLIC OF</definition>
      <muMember>N</muMember>
      <euMember>N</euMember>
    </country>
    <country>
      <code>UA</code>
      <definition>UKRAINE</definition>
      <muMember>N</muMember>
      <euMember>N</euMember>
    </country>
    <country>
      <code>UG</code>
      <definition>UGANDA</definition>
      <muMember>N</muMember>
      <euMember>N</euMember>
    </country>
    <country>
      <code>UM</code>
      <definition>UNITED STATES MINOR OUTLYING ISLANDS</definition>
      <muMember>N</muMember>
      <euMember>N</euMember>
    </country>
    <country>
      <code>US</code>
      <definition>UNITED STATES</definition>
      <muMember>N</muMember>
      <euMember>N</euMember>
    </country>
    <country>
      <code>UY</code>
      <definition>URUGUAY</definition>
      <muMember>N</muMember>
      <euMember>N</euMember>
    </country>
    <country>
      <code>UZ</code>
      <definition>UZBEKISTAN</definition>
      <muMember>N</muMember>
      <euMember>N</euMember>
    </country>
    <country>
      <code>VA</code>
      <definition>VATICAN CITY STATE (HOLY SEE)</definition>
      <muMember>N</muMember>
      <euMember>N</euMember>
    </country>
    <country>
      <code>VC</code>
      <definition>SAINT VINCENT AND THE GRENADINES</definition>
      <muMember>N</muMember>
      <euMember>N</euMember>
    </country>
    <country>
      <code>VE</code>
      <definition>VENEZUELA</definition>
      <muMember>N</muMember>
      <euMember>N</euMember>
    </country>
    <country>
      <code>VG</code>
      <definition>VIRGIN ISLANDS (BRITISH)</definition>
      <muMember>N</muMember>
      <euMember>N</euMember>
    </country>
    <country>
      <code>VI</code>
      <definition>VIRGIN ISLANDS (U.S.)</definition>
      <muMember>N</muMember>
      <euMember>N</euMember>
    </country>
    <country>
      <code>VN</code>
      <definition>VIET NAM</definition>
      <muMember>N</muMember>
      <euMember>N</euMember>
    </country>
    <country>
      <code>VU</code>
      <definition>VANUATU</definition>
      <muMember>N</muMember>
      <euMember>N</euMember>
    </country>
    <country>
      <code>WF</code>
      <definition>WALLIS AND FUTUNA ISLANDS</definition>
      <muMember>N</muMember>
      <euMember>N</euMember>
    </country>
    <country>
      <code>WS</code>
      <definition>SAMOA</definition>
      <muMember>N</muMember>
      <euMember>N</euMember>
    </country>
    <country>
      <code>YE</code>
      <definition>YEMEN</definition>
      <muMember>N</muMember>
      <euMember>N</euMember>
    </country>
    <country>
      <code>YT</code>
      <definition>MAYOTTE</definition>
      <muMember>N</muMember>
      <euMember>N</euMember>
    </country>
    <country>
      <code>YU</code>
      <definition>YUGOSLAVIA</definition>
      <muMember>N</muMember>
      <euMember>N</euMember>
    </country>
    <country>
      <code>ZA</code>
      <definition>SOUTH AFRICA</definition>
      <muMember>N</muMember>
      <euMember>N</euMember>
    </country>
    <country>
      <code>ZM</code>
      <definition>ZAMBIA</definition>
      <muMember>N</muMember>
      <euMember>N</euMember>
    </country>
    <country>
      <code>ZR</code>
      <definition>ZAIRE</definition>
      <muMember>N</muMember>
      <euMember>N</euMember>
    </country>
    <country>
      <code>ZW</code>
      <definition>ZIMBABWE</definition>
      <muMember>N</muMember>
      <euMember>N</euMember>
    </country>
    <country>
      <code>XX</code>
      <definition>Non-EEA</definition>
      <muMember>N</muMember>
      <euMember>X</euMember>
    </country>
    <country>
      <code>BL</code>
      <definition>BELGIUM-LUXEMBOURG</definition>
      <muMember>Y</muMember>
      <euMember>Y</euMember>
    </country>
    <country>
      <code>AD</code>
      <definition>ANDORRA</definition>
      <muMember>N</muMember>
      <euMember>N</euMember>
    </country>
    <country>
      <code>AE</code>
      <definition>UNITED ARAB EMIRATES</definition>
      <muMember>N</muMember>
      <euMember>N</euMember>
    </country>
    <country>
      <code>AF</code>
      <definition>AFGHANISTAN</definition>
      <muMember>N</muMember>
      <euMember>N</euMember>
    </country>
    <country>
      <code>AG</code>
      <definition>ANTIGUA AND BARBUDA</definition>
      <muMember>N</muMember>
      <euMember>N</euMember>
    </country>
    <country>
      <code>AI</code>
      <definition>ANGUILLA</definition>
      <muMember>N</muMember>
      <euMember>N</euMember>
    </country>
    <country>
      <code>AL</code>
      <definition>ALBANIA</definition>
      <muMember>N</muMember>
      <euMember>N</euMember>
    </country>
    <country>
      <code>AM</code>
      <definition>ARMENIA</definition>
      <muMember>N</muMember>
      <euMember>N</euMember>
    </country>
    <country>
      <code>AN</code>
      <definition>NETHERLANDS ANTILLES</definition>
      <muMember>N</muMember>
      <euMember>N</euMember>
    </country>
    <country>
      <code>AO</code>
      <definition>ANGOLA</definition>
      <muMember>N</muMember>
      <euMember>N</euMember>
    </country>
    <country>
      <code>AQ</code>
      <definition>ANTARCTICA</definition>
      <muMember>N</muMember>
      <euMember>N</euMember>
    </country>
    <country>
      <code>AR</code>
      <definition>ARGENTINA</definition>
      <muMember>N</muMember>
      <euMember>N</euMember>
    </country>
    <country>
      <code>AS</code>
      <definition>AMERICAN SAMOA</definition>
      <muMember>N</muMember>
      <euMember>N</euMember>
    </country>
    <country>
      <code>AT</code>
      <definition>AUSTRIA</definition>
      <muMember>Y</muMember>
      <euMember>Y</euMember>
    </country>
    <country>
      <code>AU</code>
      <definition>AUSTRALIA</definition>
      <muMember>N</muMember>
      <euMember>N</euMember>
    </country>
    <country>
      <code>AW</code>
      <definition>ARUBA</definition>
      <muMember>N</muMember>
      <euMember>N</euMember>
    </country>
    <country>
      <code>AZ</code>
      <definition>AZERBAIJAN</definition>
      <muMember>N</muMember>
      <euMember>N</euMember>
    </country>
    <country>
      <code>BA</code>
      <definition>BOSNIA AND HERZEGOVINA</definition>
      <muMember>N</muMember>
      <euMember>N</euMember>
    </country>
    <country>
      <code>BB</code>
      <definition>BARBADOS</definition>
      <muMember>N</muMember>
      <euMember>N</euMember>
    </country>
    <country>
      <code>BD</code>
      <definition>BANGLADESH</definition>
      <muMember>N</muMember>
      <euMember>N</euMember>
    </country>
    <country>
      <code>BE</code>
      <definition>BELGIUM</definition>
      <muMember>Y</muMember>
      <euMember>Y</euMember>
    </country>
    <country>
      <code>BF</code>
      <definition>BURKINA FASO</definition>
      <muMember>N</muMember>
      <euMember>N</euMember>
    </country>
    <country>
      <code>BG</code>
      <definition>BULGARIA</definition>
      <muMember>N</muMember>
      <euMember>Y</euMember>
    </country>
    <country>
      <code>BH</code>
      <definition>BAHRAIN</definition>
      <muMember>N</muMember>
      <euMember>N</euMember>
    </country>
    <country>
      <code>BI</code>
      <definition>BURUNDI</definition>
      <muMember>N</muMember>
      <euMember>N</euMember>
    </country>
    <country>
      <code>BJ</code>
      <definition>BENIN</definition>
      <muMember>N</muMember>
      <euMember>N</euMember>
    </country>
    <country>
      <code>BM</code>
      <definition>BERMUDA</definition>
      <muMember>N</muMember>
      <euMember>N</euMember>
    </country>
    <country>
      <code>BN</code>
      <definition>BRUNEI DARUSSALAM</definition>
      <muMember>N</muMember>
      <euMember>N</euMember>
    </country>
    <country>
      <code>BO</code>
      <definition>BOLIVIA</definition>
      <muMember>N</muMember>
      <euMember>N</euMember>
    </country>
    <country>
      <code>BR</code>
      <definition>BRAZIL</definition>
      <muMember>N</muMember>
      <euMember>N</euMember>
    </country>
    <country>
      <code>BS</code>
      <definition>BAHAMAS</definition>
      <muMember>N</muMember>
      <euMember>N</euMember>
    </country>
    <country>
      <code>BT</code>
      <definition>BHUTAN</definition>
      <muMember>N</muMember>
      <euMember>N</euMember>
    </country>
    <country>
      <code>BV</code>
      <definition>BOUVET ISLAND</definition>
      <muMember>N</muMember>
      <euMember>N</euMember>
    </country>
    <country>
      <code>BW</code>
      <definition>BOTSWANA</definition>
      <muMember>N</muMember>
      <euMember>N</euMember>
    </country>
    <country>
      <code>BY</code>
      <definition>BELARUS</definition>
      <muMember>N</muMember>
      <euMember>N</euMember>
    </country>
    <country>
      <code>BZ</code>
      <definition>BELIZE</definition>
      <muMember>N</muMember>
      <euMember>N</euMember>
    </country>
    <country>
      <code>CA</code>
      <definition>CANADA</definition>
      <muMember>N</muMember>
      <euMember>N</euMember>
    </country>
    <country>
      <code>CC</code>
      <definition>COCOS (KEELING) ISLANDS</definition>
      <muMember>N</muMember>
      <euMember>N</euMember>
    </country>
    <country>
      <code>CF</code>
      <definition>CENTRAL AFRICAN REPUBLIC</definition>
      <muMember>N</muMember>
      <euMember>N</euMember>
    </country>
    <country>
      <code>CG</code>
      <definition>CONGO</definition>
      <muMember>N</muMember>
      <euMember>N</euMember>
    </country>
    <country>
      <code>CH</code>
      <definition>SWITZERLAND</definition>
      <muMember>N</muMember>
      <euMember>N</euMember>
    </country>
    <country>
      <code>CI</code>
      <definition>COTE D'IVOIRE</definition>
      <muMember>N</muMember>
      <euMember>N</euMember>
    </country>
    <country>
      <code>CK</code>
      <definition>COOK ISLANDS</definition>
      <muMember>N</muMember>
      <euMember>N</euMember>
    </country>
    <country>
      <code>CL</code>
      <definition>CHILE</definition>
      <muMember>N</muMember>
      <euMember>N</euMember>
    </country>
    <country>
      <code>CM</code>
      <definition>CAMEROON</definition>
      <muMember>N</muMember>
      <euMember>N</euMember>
    </country>
    <country>
      <code>CN</code>
      <definition>CHINA</definition>
      <muMember>N</muMember>
      <euMember>N</euMember>
    </country>
    <country>
      <code>CO</code>
      <definition>COLOMBIA</definition>
      <muMember>N</muMember>
      <euMember>N</euMember>
    </country>
    <country>
      <code>CR</code>
      <definition>COSTA RICA</definition>
      <muMember>N</muMember>
      <euMember>N</euMember>
    </country>
    <country>
      <code>CU</code>
      <definition>CUBA</definition>
      <muMember>N</muMember>
      <euMember>N</euMember>
    </country>
    <country>
      <code>CV</code>
      <definition>CAPE VERDE</definition>
      <muMember>N</muMember>
      <euMember>N</euMember>
    </country>
    <country>
      <code>CX</code>
      <definition>CHRISTMAS ISLAND</definition>
      <muMember>N</muMember>
      <euMember>N</euMember>
    </country>
    <country>
      <code>CY</code>
      <definition>CYPRUS</definition>
      <muMember>Y</muMember>
      <euMember>Y</euMember>
    </country>
    <country>
      <code>CZ</code>
      <definition>CZECH REPUBLIC</definition>
      <muMember>N</muMember>
      <euMember>Y</euMember>
    </country>
    <country>
      <code>DE</code>
      <definition>GERMANY</definition>
      <muMember>Y</muMember>
      <euMember>Y</euMember>
    </country>
    <country>
      <code>DJ</code>
      <definition>DJIBOUTI</definition>
      <muMember>N</muMember>
      <euMember>N</euMember>
    </country>
    <country>
      <code>DK</code>
      <definition>DENMARK</definition>
      <muMember>N</muMember>
      <euMember>Y</euMember>
    </country>
    <country>
      <code>DM</code>
      <definition>DOMINICA</definition>
      <muMember>N</muMember>
      <euMember>N</euMember>
    </country>
    <country>
      <code>DO</code>
      <definition>DOMINICAN REPUBLIC</definition>
      <muMember>N</muMember>
      <euMember>N</euMember>
    </country>
    <country>
      <code>DZ</code>
      <definition>ALGERIA</definition>
      <muMember>N</muMember>
      <euMember>N</euMember>
    </country>
    <country>
      <code>EC</code>
      <definition>ECUADOR</definition>
      <muMember>N</muMember>
      <euMember>N</euMember>
    </country>
    <country>
      <code>EE</code>
      <definition>ESTONIA</definition>
      <muMember>Y</muMember>
      <euMember>Y</euMember>
    </country>
    <country>
      <code>EG</code>
      <definition>EGYPT</definition>
      <muMember>N</muMember>
      <euMember>N</euMember>
    </country>
    <country>
      <code>EH</code>
      <definition>WESTERN SAHARA  a)</definition>
      <muMember>N</muMember>
      <euMember>N</euMember>
    </country>
    <country>
      <code>ER</code>
      <definition>ERITREA</definition>
      <muMember>N</muMember>
      <euMember>N</euMember>
    </country>
    <country>
      <code>ES</code>
      <definition>SPAIN</definition>
      <muMember>Y</muMember>
      <euMember>Y</euMember>
    </country>
    <country>
      <code>ET</code>
      <definition>ETHIOPIA</definition>
      <muMember>N</muMember>
      <euMember>N</euMember>
    </country>
    <country>
      <code>FI</code>
      <definition>FINLAND</definition>
      <muMember>Y</muMember>
      <euMember>Y</euMember>
    </country>
    <country>
      <code>FJ</code>
      <definition>FIJI</definition>
      <muMember>N</muMember>
      <euMember>N</euMember>
    </country>
    <country>
      <code>FK</code>
      <definition>FALKLAND ISLANDS (MALVINAS)</definition>
      <muMember>N</muMember>
      <euMember>N</euMember>
    </country>
    <country>
      <code>FM</code>
      <definition>MICRONESIA (FEDERATED STATES OF)</definition>
      <muMember>N</muMember>
      <euMember>N</euMember>
    </country>
    <country>
      <code>FO</code>
      <definition>FAROE ISLANDS</definition>
      <muMember>N</muMember>
      <euMember>N</euMember>
    </country>
    <country>
      <code>FR</code>
      <definition>FRANCE</definition>
      <muMember>Y</muMember>
      <euMember>Y</euMember>
    </country>
    <country>
      <code>FX</code>
      <definition>FRANCE, METROPOLITAN</definition>
      <muMember>N</muMember>
      <euMember>N</euMember>
    </country>
    <country>
      <code>GA</code>
      <definition>GABON</definition>
      <muMember>N</muMember>
      <euMember>N</euMember>
    </country>
    <country>
      <code>GB</code>
      <definition>UNITED KINGDOM</definition>
      <muMember>N</muMember>
      <euMember>Y</euMember>
    </country>
    <country>
      <code>GD</code>
      <definition>GRENADA</definition>
      <muMember>N</muMember>
      <euMember>N</euMember>
    </country>
    <country>
      <code>GE</code>
      <definition>GEORGIA</definition>
      <muMember>N</muMember>
      <euMember>N</euMember>
    </country>
    <country>
      <code>GF</code>
      <definition>FRENCH GUIANA</definition>
      <muMember>N</muMember>
      <euMember>N</euMember>
    </country>
    <country>
      <code>GH</code>
      <definition>GHANA</definition>
      <muMember>N</muMember>
      <euMember>N</euMember>
    </country>
    <country>
      <code>GI</code>
      <definition>GIBRALTAR</definition>
      <muMember>N</muMember>
      <euMember>N</euMember>
    </country>
    <country>
      <code>GL</code>
      <definition>GREENLAND</definition>
      <muMember>N</muMember>
      <euMember>N</euMember>
    </country>
    <country>
      <code>GM</code>
      <definition>GAMBIA</definition>
      <muMember>N</muMember>
      <euMember>N</euMember>
    </country>
    <country>
      <code>GN</code>
      <definition>GUINEA</definition>
      <muMember>N</muMember>
      <euMember>N</euMember>
    </country>
    <country>
      <code>GP</code>
      <definition>GUADELOUPE</definition>
      <muMember>N</muMember>
      <euMember>N</euMember>
    </country>
    <country>
      <code>GQ</code>
      <definition>EQUATORIAL GUINEA</definition>
      <muMember>N</muMember>
      <euMember>N</euMember>
    </country>
    <country>
      <code>GR</code>
      <definition>GREECE</definition>
      <muMember>Y</muMember>
      <euMember>Y</euMember>
    </country>
    <country>
      <code>GS</code>
      <definition>SOUTH GEORGIA AND THE SOUTH SANDWICH ISLANDS</definition>
      <muMember>N</muMember>
      <euMember>N</euMember>
    </country>
    <country>
      <code>GT</code>
      <definition>GUATEMALA</definition>
      <muMember>N</muMember>
      <euMember>N</euMember>
    </country>
    <country>
      <code>GU</code>
      <definition>GUAM</definition>
      <muMember>N</muMember>
      <euMember>N</euMember>
    </country>
    <country>
      <code>GW</code>
      <definition>GUINEA-BISSAU</definition>
      <muMember>N</muMember>
      <euMember>N</euMember>
    </country>
    <country>
      <code>GY</code>
      <definition>GUYANA</definition>
      <muMember>N</muMember>
      <euMember>N</euMember>
    </country>
    <country>
      <code>HK</code>
      <definition>HONG KONG</definition>
      <muMember>N</muMember>
      <euMember>N</euMember>
    </country>
    <country>
      <code>HM</code>
      <definition>HEARD ISLAND AND MCDONALD ISLANDS</definition>
      <muMember>N</muMember>
      <euMember>N</euMember>
    </country>
    <country>
      <code>HN</code>
      <definition>HONDURAS</definition>
      <muMember>N</muMember>
      <euMember>N</euMember>
    </country>
    <country>
      <code>HR</code>
      <definition>CROATIA</definition>
      <muMember>N</muMember>
      <euMember>Y</euMember>
    </country>
    <country>
      <code>HT</code>
      <definition>HAITI</definition>
      <muMember>N</muMember>
      <euMember>N</euMember>
    </country>
    <country>
      <code>HU</code>
      <definition>HUNGARY</definition>
      <muMember>N</muMember>
      <euMember>Y</euMember>
    </country>
    <country>
      <code>ID</code>
      <definition>INDONESIA</definition>
      <muMember>N</muMember>
      <euMember>N</euMember>
    </country>
    <country>
      <code>IE</code>
      <definition>IRELAND</definition>
      <muMember>Y</muMember>
      <euMember>Y</euMember>
    </country>
    <country>
      <code>IL</code>
      <definition>ISRAEL</definition>
      <muMember>N</muMember>
      <euMember>N</euMember>
    </country>
    <country>
      <code>IN</code>
      <definition>INDIA</definition>
      <muMember>N</muMember>
      <euMember>N</euMember>
    </country>
    <country>
      <code>IO</code>
      <definition>BRITISH INDIAN OCEAN TERRITORY</definition>
      <muMember>N</muMember>
      <euMember>N</euMember>
    </country>
    <country>
      <code>IQ</code>
      <definition>IRAQ</definition>
      <muMember>N</muMember>
      <euMember>N</euMember>
    </country>
    <country>
      <code>IR</code>
      <definition>IRAN (ISLAMIC REPUBLIC OF)</definition>
      <muMember>N</muMember>
      <euMember>N</euMember>
    </country>
    <country>
      <code>IS</code>
      <definition>ICELAND</definition>
      <muMember>N</muMember>
      <euMember>X</euMember>
    </country>
    <country>
      <code>IT</code>
      <definition>ITALY</definition>
      <muMember>Y</muMember>
      <euMember>Y</euMember>
    </country>
    <country>
      <code>JM</code>
      <definition>JAMAICA</definition>
      <muMember>N</muMember>
      <euMember>N</euMember>
    </country>
    <country>
      <code>JO</code>
      <definition>JORDAN</definition>
      <muMember>N</muMember>
      <euMember>N</euMember>
    </country>
    <country>
      <code>JP</code>
      <definition>JAPAN</definition>
      <muMember>N</muMember>
      <euMember>N</euMember>
    </country>
    <country>
      <code>KE</code>
      <definition>KENYA</definition>
      <muMember>N</muMember>
      <euMember>N</euMember>
    </country>
    <country>
      <code>KG</code>
      <definition>KYRGYZSTAN</definition>
      <muMember>N</muMember>
      <euMember>N</euMember>
    </country>
    <country>
      <code>KH</code>
      <definition>CAMBODIA</definition>
      <muMember>N</muMember>
      <euMember>N</euMember>
    </country>
    <country>
      <code>KI</code>
      <definition>KIRIBATI</definition>
      <muMember>N</muMember>
      <euMember>N</euMember>
    </country>
    <country>
      <code>KM</code>
      <definition>COMOROS</definition>
      <muMember>N</muMember>
      <euMember>N</euMember>
    </country>
    <country>
      <code>KN</code>
      <definition>SAINT KITTS AND NEVIS</definition>
      <muMember>N</muMember>
      <euMember>N</euMember>
    </country>
    <country>
      <code>KP</code>
      <definition>KOREA, DEMOCRATIC PEOPLES REPUBLIC OF</definition>
      <muMember>N</muMember>
      <euMember>N</euMember>
    </country>
    <country>
      <code>KR</code>
      <definition>KOREA, REPUBLIC OF</definition>
      <muMember>N</muMember>
      <euMember>N</euMember>
    </country>
    <country>
      <code>KW</code>
      <definition>KUWAIT</definition>
      <muMember>N</muMember>
      <euMember>N</euMember>
    </country>
    <country>
      <code>KY</code>
      <definition>CAYMAN ISLANDS</definition>
      <muMember>N</muMember>
      <euMember>N</euMember>
    </country>
    <country>
      <code>KZ</code>
      <definition>KAZAKHSTAN</definition>
      <muMember>N</muMember>
      <euMember>N</euMember>
    </country>
    <country>
      <code>LA</code>
      <definition>LAO PEOPLE'S DEMOCRATIC REPUBLIC</definition>
      <muMember>N</muMember>
      <euMember>N</euMember>
    </country>
    <country>
      <code>LB</code>
      <definition>LEBANON</definition>
      <muMember>N</muMember>
      <euMember>N</euMember>
    </country>
    <country>
      <code>LC</code>
      <definition>SAINT LUCIA</definition>
      <muMember>N</muMember>
      <euMember>N</euMember>
    </country>
    <country>
      <code>LI</code>
      <definition>LIECHTENSTEIN</definition>
      <muMember>N</muMember>
      <euMember>X</euMember>
    </country>
    <country>
      <code>LK</code>
      <definition>SRI LANKA</definition>
      <muMember>N</muMember>
      <euMember>N</euMember>
    </country>
    <country>
      <code>LR</code>
      <definition>LIBERIA</definition>
      <muMember>N</muMember>
      <euMember>N</euMember>
    </country>
    <country>
      <code>LS</code>
      <definition>LESOTHO</definition>
      <muMember>N</muMember>
      <euMember>N</euMember>
    </country>
  </countries>
  <assetCouponDefinitions>
    <assetCouponDefinition>
      <code>CD2</code>
      <definition>Variable</definition>
    </assetCouponDefinition>
    <assetCouponDefinition>
      <code>CD1</code>
      <definition>Zero</definition>
    </assetCouponDefinition>
    <assetCouponDefinition>
      <code>CD4</code>
      <definition>Fixed</definition>
    </assetCouponDefinition>
  </assetCouponDefinitions>
  <assetDenominations>
    <assetDenomination>
      <code>ATS</code>
      <definition>Austria, Schillings</definition>
    </assetDenomination>
    <assetDenomination>
      <code>ITL</code>
      <definition>Italy, Lire</definition>
    </assetDenomination>
    <assetDenomination>
      <code>PTE</code>
      <definition>Portugal, Escudos</definition>
    </assetDenomination>
    <assetDenomination>
      <code>LVL</code>
      <definition>Latvia, Lats</definition>
    </assetDenomination>
    <assetDenomination>
      <code>MTL</code>
      <definition>Malta, Lira</definition>
    </assetDenomination>
    <assetDenomination>
      <code>LTL</code>
      <definition>Lithuania, Litas</definition>
    </assetDenomination>
    <assetDenomination>
      <code>NLG</code>
      <definition>Netherlands(Holland), Guilders</definition>
    </assetDenomination>
    <assetDenomination>
      <code>JPY</code>
      <definition>Japan, Yen</definition>
    </assetDenomination>
    <assetDenomination>
      <code>GBP</code>
      <definition>Great Britain, Pound Sterling</definition>
    </assetDenomination>
    <assetDenomination>
      <code>CYP</code>
      <definition>Cyprus, Pounds</definition>
    </assetDenomination>
    <assetDenomination>
      <code>LUF</code>
      <definition>Luxembourg, Francs</definition>
    </assetDenomination>
    <assetDenomination>
      <code>BEF</code>
      <definition>Belgium, Francs</definition>
    </assetDenomination>
    <assetDenomination>
      <code>ESP</code>
      <definition>Spain, Pesetas</definition>
    </assetDenomination>
    <assetDenomination>
      <code>EUR</code>
      <definition>European Economic and Monetary Union, Euros</definition>
    </assetDenomination>
    <assetDenomination>
      <code>USD</code>
      <definition>United States, Dollar</definition>
    </assetDenomination>
    <assetDenomination>
      <code>EEK</code>
      <definition>Estonia, Kroon</definition>
    </assetDenomination>
    <assetDenomination>
      <code>FIM</code>
      <definition>Finland, Markkaa</definition>
    </assetDenomination>
    <assetDenomination>
      <code>DEM</code>
      <definition>Germany, Deutsche Mark</definition>
    </assetDenomination>
    <assetDenomination>
      <code>SKK</code>
      <definition>Slovakia, Koruna</definition>
    </assetDenomination>
    <assetDenomination>
      <code>IEP</code>
      <definition>Ireland(Eire), Punts</definition>
    </assetDenomination>
    <assetDenomination>
      <code>GRD</code>
      <definition>Greece, Drachmae</definition>
    </assetDenomination>
    <assetDenomination>
      <code>FRF</code>
      <definition>France, Francs</definition>
    </assetDenomination>
    <assetDenomination>
      <code>SIT</code>
      <definition>Slovenia, Tolar</definition>
    </assetDenomination>
  </assetDenominations>
  <assetHaircutCategories>
    <assetHaircutCategory>
      <code>L1E</code>
      <definition>Asset-backed securities</definition>
    </assetHaircutCategory>
    <assetHaircutCategory>
      <code>L1B</code>
      <definition>Local/Regional Government+Agency+ Supranational + Jumbo covered bonds</definition>
    </assetHaircutCategory>
    <assetHaircutCategory>
      <code>L1A</code>
      <definition>Central government and Debt securities issued by central banks</definition>
    </assetHaircutCategory>
    <assetHaircutCategory>
      <code>L1D</code>
      <definition>Credit institution securities (unsecured)</definition>
    </assetHaircutCategory>
    <assetHaircutCategory>
      <code>L1C</code>
      <definition>Non-Jumbo, Credit institution, Corporate/other issuer securities</definition>
    </assetHaircutCategory>
  </assetHaircutCategories>
  <assetReferenceMarkets>
    <assetReferenceMarket>
      <code>RMBE03</code>
      <definition>Le marche secondaire, réglementé, hors bourse des obligations lineaires, des titres scindes et des certificats de tresorerie</definition>
    </assetReferenceMarket>
    <assetReferenceMarket>
      <code>RMFI05</code>
      <definition>MTS Finland</definition>
    </assetReferenceMarket>
    <assetReferenceMarket>
      <code>RMLV01</code>
      <definition>NASDAQ OMX Riga</definition>
    </assetReferenceMarket>
    <assetReferenceMarket>
      <code>RMFI04</code>
      <definition>The money market for treasury bills (Finnish Treasury Bill Programme)</definition>
    </assetReferenceMarket>
    <assetReferenceMarket>
      <code>RMIT10</code>
      <definition>ExtraMOT</definition>
    </assetReferenceMarket>
    <assetReferenceMarket>
      <code>RMBE05</code>
      <definition>The OTC market for Belgian Treasury Bills (BTB)</definition>
    </assetReferenceMarket>
    <assetReferenceMarket>
      <code>RMIT11</code>
      <definition>Hi-MTF</definition>
    </assetReferenceMarket>
    <assetReferenceMarket>
      <code>RMLT01</code>
      <definition>National Stock Exchange of Lithuania</definition>
    </assetReferenceMarket>
    <assetReferenceMarket>
      <code>RMBG02</code>
      <definition>Bulgarian Stock Exchange - Sofia JSC</definition>
    </assetReferenceMarket>
    <assetReferenceMarket>
      <code>RMBE07</code>
      <definition>The OTC market for Belgian Strips</definition>
    </assetReferenceMarket>
    <assetReferenceMarket>
      <code>RMBE06</code>
      <definition>The OTC market for Belgian commercial paper</definition>
    </assetReferenceMarket>
    <assetReferenceMarket>
      <code>RMFI08</code>
      <definition>First North Bond Market Finland</definition>
    </assetReferenceMarket>
    <assetReferenceMarket>
      <code>RMPT01</code>
      <definition>Mercado de Cotacoes Oficiais (official quotation market)</definition>
    </assetReferenceMarket>
    <assetReferenceMarket>
      <code>RMBE10</code>
      <definition>Euronext Growth Brussels</definition>
    </assetReferenceMarket>
    <assetReferenceMarket>
      <code>RMIE01</code>
      <definition>Irish Stock Exchange</definition>
    </assetReferenceMarket>
    <assetReferenceMarket>
      <code>RMIE02</code>
      <definition>Global Exchange Market (GEM)</definition>
    </assetReferenceMarket>
    <assetReferenceMarket>
      <code>RMEE01</code>
      <definition>Nasdaq OMX Tallinn</definition>
    </assetReferenceMarket>
    <assetReferenceMarket>
      <code>RMPT07</code>
      <definition>MTS Portugal</definition>
    </assetReferenceMarket>
    <assetReferenceMarket>
      <code>RMPT08</code>
      <definition>Euronext Growth Lisbon</definition>
    </assetReferenceMarket>
    <assetReferenceMarket>
      <code>RMGB01</code>
      <definition>The London Stock Exchange Limited</definition>
    </assetReferenceMarket>
    <assetReferenceMarket>
      <code>RMES02</code>
      <definition>Bolsa de Valores de Bilbao</definition>
    </assetReferenceMarket>
    <assetReferenceMarket>
      <code>RMES01</code>
      <definition>Bolsa de Valores de Barcelona</definition>
    </assetReferenceMarket>
    <assetReferenceMarket>
      <code>RMGR03</code>
      <definition>Electronic Secondary Securities Market (HDAT)</definition>
    </assetReferenceMarket>
    <assetReferenceMarket>
      <code>RMES06</code>
      <definition>Mercado de Deuda Pública en Anotaciones</definition>
    </assetReferenceMarket>
    <assetReferenceMarket>
      <code>RMES05</code>
      <definition>AIAF, Mercado de Renta Fija</definition>
    </assetReferenceMarket>
    <assetReferenceMarket>
      <code>RMES04</code>
      <definition>Bolsa de Valores de Valencia</definition>
    </assetReferenceMarket>
    <assetReferenceMarket>
      <code>RMES03</code>
      <definition>Bolsa de Valores de Madrid</definition>
    </assetReferenceMarket>
    <assetReferenceMarket>
      <code>RMEU01</code>
      <definition>STEP market</definition>
    </assetReferenceMarket>
    <assetReferenceMarket>
      <code>RMIS01</code>
      <definition>Iceland Stock Exchange-offical market</definition>
    </assetReferenceMarket>
    <assetReferenceMarket>
      <code>RMGR01</code>
      <definition>Athens Stock Exchange</definition>
    </assetReferenceMarket>
    <assetReferenceMarket>
      <code>RMNL04</code>
      <definition>MTS Netherlands</definition>
    </assetReferenceMarket>
    <assetReferenceMarket>
      <code>RMDE03</code>
      <definition>Börse Düsseldorf (Regulierter Markt)</definition>
    </assetReferenceMarket>
    <assetReferenceMarket>
      <code>RMNL01</code>
      <definition>Euronext Amsterdam Stock Exchange (AEX)</definition>
    </assetReferenceMarket>
    <assetReferenceMarket>
      <code>RMDE01</code>
      <definition>Börse Berlin (Regulierter Markt)</definition>
    </assetReferenceMarket>
    <assetReferenceMarket>
      <code>RMCZ01</code>
      <definition>Prague Stock Exchange</definition>
    </assetReferenceMarket>
    <assetReferenceMarket>
      <code>RMCZ02</code>
      <definition>RM System Official Market</definition>
    </assetReferenceMarket>
    <assetReferenceMarket>
      <code>RMFR04</code>
      <definition>Negotiable European Commercial Paper NEU CP  (formerly Billets de Trésorerie) market</definition>
    </assetReferenceMarket>
    <assetReferenceMarket>
      <code>RMFR03</code>
      <definition>Government securities (Bons du Trésor. BTF/BTAN) markets</definition>
    </assetReferenceMarket>
    <assetReferenceMarket>
      <code>RMFR02</code>
      <definition>Nouveau marché</definition>
    </assetReferenceMarket>
    <assetReferenceMarket>
      <code>RMSI02</code>
      <definition>MTS Slovenia</definition>
    </assetReferenceMarket>
    <assetReferenceMarket>
      <code>RMFR01</code>
      <definition>Bourse de Paris: le premier et le second marché</definition>
    </assetReferenceMarket>
    <assetReferenceMarket>
      <code>RMSI01</code>
      <definition>Borzni trg (Ljubljana Stock Exchange)</definition>
    </assetReferenceMarket>
    <assetReferenceMarket>
      <code>RMHU01</code>
      <definition>Budapest Stock Exchange</definition>
    </assetReferenceMarket>
    <assetReferenceMarket>
      <code>RMSK01</code>
      <definition>Bratislava Stock Exchange</definition>
    </assetReferenceMarket>
    <assetReferenceMarket>
      <code>RMFR06</code>
      <definition>Euronext Growth Paris</definition>
    </assetReferenceMarket>
    <assetReferenceMarket>
      <code>RMFR05</code>
      <definition>Negotiable European Medium-Term Notes (formerly BMTN) market</definition>
    </assetReferenceMarket>
    <assetReferenceMarket>
      <code>RMDE06</code>
      <definition>Hanseatische Wertpapierbörse Hamburg (Regulierter Markt)</definition>
    </assetReferenceMarket>
    <assetReferenceMarket>
      <code>RMLU02</code>
      <definition>EuroMTF</definition>
    </assetReferenceMarket>
    <assetReferenceMarket>
      <code>RMDE07</code>
      <definition>Niedersächsische Börse zu Hannover(Regulierter Markt)</definition>
    </assetReferenceMarket>
    <assetReferenceMarket>
      <code>RMDK01</code>
      <definition>København Fondsbørs</definition>
    </assetReferenceMarket>
    <assetReferenceMarket>
      <code>RMDE04</code>
      <definition>Frankfurter Wertpapierbörse (Regulierter Markt)</definition>
    </assetReferenceMarket>
    <assetReferenceMarket>
      <code>RMLU01</code>
      <definition>Bourse de Luxembourg - main and international bond market</definition>
    </assetReferenceMarket>
    <assetReferenceMarket>
      <code>RMDE08</code>
      <definition>Börse München(Regulierter Markt)</definition>
    </assetReferenceMarket>
    <assetReferenceMarket>
      <code>RMDE09</code>
      <definition>Baden-Württembergische Wertpapierbörse (Regulierter Markt)</definition>
    </assetReferenceMarket>
    <assetReferenceMarket>
      <code>RMDE13</code>
      <definition>Tradegate Exchange</definition>
    </assetReferenceMarket>
    <assetReferenceMarket>
      <code>RMDE11</code>
      <definition>The unofficial market ("Freiverkehr") of a German exchange</definition>
    </assetReferenceMarket>
    <assetReferenceMarket>
      <code>RMSE01</code>
      <definition>OM Stockholmsbörsen</definition>
    </assetReferenceMarket>
    <assetReferenceMarket>
      <code>RMIT08</code>
      <definition>Euro TLX</definition>
    </assetReferenceMarket>
    <assetReferenceMarket>
      <code>RMIT09</code>
      <definition>SSO Bond vision</definition>
    </assetReferenceMarket>
    <assetReferenceMarket>
      <code>RMIT02</code>
      <definition>MTS - wholesale market for government securities</definition>
    </assetReferenceMarket>
    <assetReferenceMarket>
      <code>RMAT01</code>
      <definition>Amtlicher Wertpapierhandel-Wiener Boerse</definition>
    </assetReferenceMarket>
    <assetReferenceMarket>
      <code>RMIT04</code>
      <definition>Stock Exchange (Borsa Italiana) - electronic market for Eurobonds and asset-backed securities (EuroMOT)</definition>
    </assetReferenceMarket>
    <assetReferenceMarket>
      <code>RMIT05</code>
      <definition>MTS/Corporate - wholesale market for corporate and international organisations' bonds</definition>
    </assetReferenceMarket>
    <assetReferenceMarket>
      <code>RMIT01</code>
      <definition>Stock Exchange (Borsa Italiana) - electronic bond and government securities market (MOT)</definition>
    </assetReferenceMarket>
    <assetReferenceMarket>
      <code>RMMT01</code>
      <definition>Malta Stock Exchange</definition>
    </assetReferenceMarket>
    <assetReferenceMarket>
      <code>RMNO01</code>
      <definition>Oslo Stock Exchange</definition>
    </assetReferenceMarket>
    <assetReferenceMarket>
      <code>RMFI01</code>
      <definition>NASDAQ OMX Helsinki Oy</definition>
    </assetReferenceMarket>
    <assetReferenceMarket>
      <code>RMBE01</code>
      <definition>Bourse de valeurs mobiliéres d'Euronext Brussels: Le premier et le second marché</definition>
    </assetReferenceMarket>
    <assetReferenceMarket>
      <code>RMPL02</code>
      <definition>Bondspot S.A.(OTC market for Treasury Securities)</definition>
    </assetReferenceMarket>
    <assetReferenceMarket>
      <code>RMPL01</code>
      <definition>Warsaw Stock Exchange</definition>
    </assetReferenceMarket>
    <assetReferenceMarket>
      <code>RMAT03</code>
      <definition>Third market ("Dritter Markt")</definition>
    </assetReferenceMarket>
    <assetReferenceMarket>
      <code>RMCY01</code>
      <definition>Cyprus Stock Exchange</definition>
    </assetReferenceMarket>
    <assetReferenceMarket>
      <code>RMAT04</code>
      <definition>Geregelter Freiverkehr - Wiener Boerse</definition>
    </assetReferenceMarket>
  </assetReferenceMarkets>
  <assetTypes>
    <assetType>
      <code>AT09</code>
      <definition>Jumbo covered bonds</definition>
    </assetType>
    <assetType>
      <code>AT03</code>
      <definition>(Treasury) bill / commercial paper / certificate of deposit</definition>
    </assetType>
    <assetType>
      <code>AT01</code>
      <definition>Bond</definition>
    </assetType>
    <assetType>
      <code>AT12</code>
      <definition>Multi-cédulas</definition>
    </assetType>
    <assetType>
      <code>AT02</code>
      <definition>Medium-term note</definition>
    </assetType>
    <assetType>
      <code>AT13</code>
      <definition>Structured covered bonds</definition>
    </assetType>
    <assetType>
      <code>AT10</code>
      <definition>Traditional covered bonds</definition>
    </assetType>
    <assetType>
      <code>AT11</code>
      <definition>Asset-backed securities (ABS)</definition>
    </assetType>
  </assetTypes>
  <guarantorGroups>
    <guarantorGroup>
      <code>GG1</code>
      <definition>Central Bank</definition>
      <shortDefinition>NCB</shortDefinition>
    </guarantorGroup>
    <guarantorGroup>
      <code>GG2</code>
      <definition>Central Government</definition>
      <shortDefinition>Centr Gov</shortDefinition>
    </guarantorGroup>
    <guarantorGroup>
      <code>GG3</code>
      <definition>Corporate and other issuers</definition>
      <shortDefinition>Corp Sec</shortDefinition>
    </guarantorGroup>
    <guarantorGroup>
      <code>GG4</code>
      <definition>Credit Institution (excluding agencies)</definition>
      <shortDefinition>Credit inst</shortDefinition>
    </guarantorGroup>
    <guarantorGroup>
      <code>GG5</code>
      <definition>Regional/Local government</definition>
      <shortDefinition>Local Gov</shortDefinition>
    </guarantorGroup>
    <guarantorGroup>
      <code>GG6</code>
      <definition>Supranational Issuer</definition>
      <shortDefinition>Supranational</shortDefinition>
    </guarantorGroup>
    <guarantorGroup>
      <code>GG7</code>
      <definition>Agency - non credit institution</definition>
      <shortDefinition>Agency non cred</shortDefinition>
    </guarantorGroup>
    <guarantorGroup>
      <code>GG8</code>
      <definition>Agency - credit institution</definition>
      <shortDefinition>Agency cred</shortDefinition>
    </guarantorGroup>
    <guarantorGroup>
      <code>GG9</code>
      <definition>Financial corporations other than credit institutions</definition>
      <shortDefinition>Other corp</shortDefinition>
    </guarantorGroup>
    <guarantorGroup>
      <code>GG11</code>
      <definition>Public corporation</definition>
      <shortDefinition>Public corp</shortDefinition>
    </guarantorGroup>
  </guarantorGroups>
  <issuerGroups>
    <issuerGroup>
      <code>IG1</code>
      <definition>Central Bank</definition>
      <shortDefinition>NCB</shortDefinition>
    </issuerGroup>
    <issuerGroup>
      <code>IG2</code>
      <definition>Central Government</definition>
      <shortDefinition>Centr Gov</shortDefinition>
    </issuerGroup>
    <issuerGroup>
      <code>IG3</code>
      <definition>Corporate and other issuers</definition>
      <shortDefinition>Corp Sec</shortDefinition>
    </issuerGroup>
    <issuerGroup>
      <code>IG4</code>
      <definition>Credit Institution (excluding agencies)</definition>
      <shortDefinition>Credit inst</shortDefinition>
    </issuerGroup>
    <issuerGroup>
      <code>IG5</code>
      <definition>Regional/Local government</definition>
      <shortDefinition>Local Gov</shortDefinition>
    </issuerGroup>
    <issuerGroup>
      <code>IG6</code>
      <definition>Supranational Issuer</definition>
      <shortDefinition>Supranational</shortDefinition>
    </issuerGroup>
    <issuerGroup>
      <code>IG7</code>
      <definition>Agency - non credit institution</definition>
      <shortDefinition>Agency non cred</shortDefinition>
    </issuerGroup>
    <issuerGroup>
      <code>IG8</code>
      <definition>Agency - credit institution</definition>
      <shortDefinition>Agency cred</shortDefinition>
    </issuerGroup>
    <issuerGroup>
      <code>IG9</code>
      <definition>Financial corporations other than credit institutions</definition>
      <shortDefinition>Other corp</shortDefinition>
    </issuerGroup>
    <issuerGroup>
      <code>IG11</code>
      <definition>Public corporation</definition>
      <shortDefinition>Public corp</shortDefinition>
    </issuerGroup>
  </issuerGroups>
  <issuerCsds>
    <issuerCsd>
      <code>CLNL01</code>
      <definition>Euroclear Nederland (Netherlands)</definition>
      <euroArea>Y</euroArea>
    </issuerCsd>
    <issuerCsd>
      <code>CLCY01</code>
      <definition>CDCR (Cyprus)</definition>
      <euroArea>Y</euroArea>
    </issuerCsd>
    <issuerCsd>
      <code>CLPT02</code>
      <definition>Interbolsa (Portugal)</definition>
      <euroArea>Y</euroArea>
    </issuerCsd>
    <issuerCsd>
      <code>CLDE01</code>
      <definition>Clearstream Banking AG - system (Germany)</definition>
      <euroArea>Y</euroArea>
    </issuerCsd>
    <issuerCsd>
      <code>CLFI01</code>
      <definition>Euroclear Finland Infinity System</definition>
      <euroArea>Y</euroArea>
    </issuerCsd>
    <issuerCsd>
      <code>CLBE02</code>
      <definition>Euroclear Bank (Belgium)</definition>
      <euroArea>Y</euroArea>
    </issuerCsd>
    <issuerCsd>
      <code>CLBE01</code>
      <definition>NBB SSS (Belgium)</definition>
      <euroArea>Y</euroArea>
    </issuerCsd>
    <issuerCsd>
      <code>CLDK01</code>
      <definition>VP Securities Services (Denmark)</definition>
      <euroArea>N</euroArea>
    </issuerCsd>
    <issuerCsd>
      <code>CLFR01</code>
      <definition>Euroclear France</definition>
      <euroArea>Y</euroArea>
    </issuerCsd>
    <issuerCsd>
      <code>CLLU03</code>
      <definition>LUX CSD (Luxembourg)</definition>
      <euroArea>Y</euroArea>
    </issuerCsd>
    <issuerCsd>
      <code>CLLV02</code>
      <definition>Nasdaq CSD SE (Latvian Securities Settlement System)</definition>
      <euroArea>Y</euroArea>
    </issuerCsd>
    <issuerCsd>
      <code>CLLT02</code>
      <definition>Nasdaq CSD SE (Lithuanian Securities Settlement System)</definition>
      <euroArea>Y</euroArea>
    </issuerCsd>
    <issuerCsd>
      <code>CLLU01</code>
      <definition>Clearstream Banking Luxembourg</definition>
      <euroArea>Y</euroArea>
    </issuerCsd>
    <issuerCsd>
      <code>CLBL01</code>
      <definition>Euroclear Bank / Clearstream Banking Luxembourg (Belgium / Luxembourg)</definition>
      <euroArea>Y</euroArea>
    </issuerCsd>
    <issuerCsd>
      <code>CLSE01</code>
      <definition>Euroclear Sweden, VPC system (Sweden)</definition>
      <euroArea>N</euroArea>
    </issuerCsd>
    <issuerCsd>
      <code>CLGB01</code>
      <definition>Euroclear UK and Ireland (United Kingdom)</definition>
      <euroArea>N</euroArea>
    </issuerCsd>
    <issuerCsd>
      <code>CLSK01</code>
      <definition>CDCP (Slovakia)</definition>
      <euroArea>Y</euroArea>
    </issuerCsd>
    <issuerCsd>
      <code>CLSK02</code>
      <definition>NCDCP (Slovakia)</definition>
      <euroArea>Y</euroArea>
    </issuerCsd>
    <issuerCsd>
      <code>CLSI01</code>
      <definition>KDD (Slovenia)</definition>
      <euroArea>Y</euroArea>
    </issuerCsd>
    <issuerCsd>
      <code>CLEE01</code>
      <definition>ECSD (Estonian CSD)</definition>
      <euroArea>Y</euroArea>
    </issuerCsd>
    <issuerCsd>
      <code>CLGR01</code>
      <definition>BOGS (Greece)</definition>
      <euroArea>Y</euroArea>
    </issuerCsd>
    <issuerCsd>
      <code>CLIT01</code>
      <definition>Monte Titoli (Italy)</definition>
      <euroArea>Y</euroArea>
    </issuerCsd>
    <issuerCsd>
      <code>CLMT01</code>
      <definition>MaltaClear (Malta)</definition>
      <euroArea>Y</euroArea>
    </issuerCsd>
    <issuerCsd>
      <code>CLES01</code>
      <definition>Iberclear (ARCO) (Spain)</definition>
      <euroArea>Y</euroArea>
    </issuerCsd>
    <issuerCsd>
      <code>CLEU01</code>
      <definition>ECB debt certificates</definition>
      <euroArea>Y</euroArea>
    </issuerCsd>
    <issuerCsd>
      <code>CLAT01</code>
      <definition>OeKB (Austria)</definition>
      <euroArea>Y</euroArea>
    </issuerCsd>
  </issuerCsds>
</dictionary>
